id,imdb_user_rating,year,genre,MovieID,word_counts
tt7784604,7.3,2018,Horror,tt7784604,"{'horror': 366, 'film': 366, 's': 354, 'movie': 348, 'nt': 246, 'hereditary': 144, 'films': 126, 'family': 126, 'time': 114, 'movies': 84, 'toni': 78, 'collette': 78, 'did': 78, 'say': 72, 'emotional': 72, 'annie': 72, 'great': 66, 'feel': 66, 'alex': 66, 'good': 60}"
tt6998518,6.5,2018,Horror,tt6998518,"{'s': 600, 'film': 540, 'mandy': 450, 'cage': 408, 'red': 306, 'nt': 234, 'movie': 228, 'cult': 156, 'cosmatos': 138, 'nicolas': 132, 'revenge': 120, 'great': 114, 'scene': 108, 'films': 102, 'watch': 102, 'metal': 102, 'second': 96, 'riseborough': 90, 'music': 90, 'love': 90}"
tt6644200,7.5,2018,Horror,tt6644200,"{'nt': 1065, 'movie': 786, 's': 692, 'film': 657, 'place': 565, 'quiet': 517, 'did': 507, 'sound': 406, 'good': 361, 'noise': 281, 'family': 264, 'creatures': 263, 'kids': 261, 'krasinski': 254, 'blunt': 252, 'horror': 251, 'make': 249, 'monsters': 247, 'movies': 236, 'watch': 234}"
tt1837642,7.8,2018,Horror,tt1837642,"{'show': 1001, 'season': 646, 's': 586, 'nt': 414, 'series': 396, 'revenge': 394, 'story': 380, 'emily': 358, 'characters': 323, 'know': 284, 'episode': 241, 'did': 228, 'good': 209, 'watching': 189, 'time': 189, 'character': 189, 'great': 171, 'amanda': 170, 'got': 168, '2': 152}"
tt3986820,6.5,2018,Horror,tt3986820,"{'film': 377, 'aaron': 280, 's': 276, 'justin': 266, 'cult': 245, 'movie': 172, 'loop': 165, 'nt': 160, 'time': 141, 'endless': 139, 'brothers': 133, 'good': 126, 'benson': 105, 'make': 101, 'story': 97, 'did': 97, 'two': 97, 'back': 96, 'sense': 86, 'people': 84}"
tt2798920,6.8,2018,Horror,tt2798920,"{'s': 1546, 'nt': 1088, 'movie': 826, 'film': 701, 'did': 365, 'shimmer': 345, 'annihilation': 344, 'portman': 316, 'lena': 258, 'sci': 249, 'fi': 249, 'way': 234, 'plot': 223, 'films': 221, 'good': 208, 'natalie': 207, 'scene': 206, 'back': 199, 'zone': 197, 'garland': 197}"
tt5480782,6.7,2018,Horror,tt5480782,"{'s': 633, 'film': 363, 'werewolf': 308, 'movie': 254, 'story': 210, 'good': 172, 'ana': 153, 'clara': 152, 'musical': 135, 'nt': 134, 'love': 119, 'horror': 115, 'half': 114, 'felt': 96, 'bit': 96, 'baby': 96, 'part': 95, 'trying': 80, 'joel': 78, 'child': 78}"
tt8361028,5.9,2018,Horror,tt8361028,"{'s': 638, 'film': 487, 'nt': 470, 'movie': 426, 'cam': 328, 'girl': 261, 'end': 251, 'ending': 238, 'alice': 235, 'story': 184, 'lola': 174, 'did': 171, 'account': 170, 'real': 157, 'going': 145, 'online': 144, 'way': 134, 'half': 133, 'happened': 132, 'identity': 131}"
tt5189828,4.7,2018,Horror,tt5189828,"{'nt': 531, 'film': 485, 's': 419, 'movie': 300, 'good': 287, 'american': 221, 'mohawk': 209, 'soldiers': 208, 'bad': 196, 'did': 171, 'horror': 158, 'way': 158, 'story': 156, 'fake': 130, 'm': 119, 'war': 118, 'sure': 118, 'joshua': 117, 'oak': 117, 'make': 105}"
tt5516328,6.4,2018,Horror,tt5516328,"{'s': 802, 'film': 798, 'stories': 611, 'horror': 451, 'ghost': 367, 'goodman': 361, 'nt': 330, 'three': 314, 'nyman': 304, 'british': 261, 'good': 243, 'ending': 232, 'story': 217, 'films': 216, 'freeman': 206, 'scary': 178, 'way': 177, 'did': 176, 'anthology': 173, 'movie': 165}"
tt6859762,5.5,2018,Horror,tt6859762,"{'s': 868, 'film': 607, 'faraday': 463, 'nt': 440, 'house': 403, 'story': 239, 'movie': 224, 'horror': 221, 'caroline': 215, 'family': 188, 'abrahamson': 180, 'gleeson': 168, 'did': 165, 'doctor': 160, 'part': 157, 'hall': 153, 'home': 153, 'stranger': 152, 'think': 152, 'ayres': 144}"
tt6499752,7.5,2018,Horror,tt6499752,"{'s': 507, 'movie': 472, 'grey': 423, 'nt': 422, 'film': 413, 'action': 236, 'upgrade': 215, 'way': 207, 'marshall': 187, 'green': 187, 'story': 177, 'good': 176, 'stem': 175, 'eron': 163, 'wife': 162, 'movies': 158, 'body': 157, 'did': 147, 'sci': 147, 'fi': 147}"
tt7073710,5.7,2018,Horror,tt7073710,"{'s': 336, 'nt': 322, 'jules': 298, 'movie': 280, 'jackie': 231, 'film': 167, 'victim': 144, 'cliff': 144, 'did': 132, 'plot': 124, 'acting': 114, 'good': 112, 'back': 99, 'bad': 90, 'stupid': 89, 'psycho': 88, 'way': 88, 'times': 88, 'people': 88, 'killer': 78}"
tt2704998,6.9,2018,Horror,tt2704998,"{'s': 448, 'game': 429, 'night': 417, 'comedy': 267, 'film': 222, 'movie': 194, 'funny': 176, 'bateman': 164, 'good': 164, 'great': 164, 'nt': 163, 'mcadams': 155, 'fun': 145, 'jason': 127, 'rachel': 126, 'cast': 116, 'comedies': 112, 'laughs': 103, 'jokes': 89, 'hilarious': 88}"
tt7012864,6.2,2018,Horror,tt7012864,"{'s': 271, 'film': 197, 'movie': 170, 'nt': 159, 'story': 135, 'good': 132, 'lowlife': 115, 'characters': 78, 'time': 74, 'watch': 63, 'crime': 63, 'make': 62, 'tarantino': 60, 'prows': 58, 'people': 56, 'different': 56, 'way': 55, 'world': 55, 'great': 54, 'makes': 54}"
tt6842126,5.0,2018,Horror,tt6842126,"{'nt': 228, 'movie': 162, 's': 144, 'good': 102, 'film': 102, 'horror': 84, 'slow': 72, 'story': 60, 'great': 60, 'home': 54, 'did': 54, 'leave': 48, 'ireland': 42, 'characters': 42, 'end': 42, 'make': 36, 'lead': 36, 'acting': 36, 'made': 30, 'priest': 30}"
tt1034415,6.7,2018,Horror,tt1034415,"{'s': 1230, 'film': 650, 'nt': 480, 'movie': 450, 'suspiria': 310, 'horror': 280, 'original': 270, 'guadagnino': 250, 'dance': 250, 'argento': 220, 'susie': 210, 'witches': 170, 'remake': 170, 'academy': 160, 'watch': 150, 'political': 150, 'swinton': 140, 'klemperer': 140, 'good': 130, 'new': 130}"
tt6433880,6.0,2018,Horror,tt6433880,"{'s': 672, 'nt': 616, 'musical': 574, 'film': 532, 'anna': 504, 'movie': 476, 'zombie': 420, 'apocalypse': 322, 'horror': 294, 'shaun': 252, 'dead': 252, 'songs': 252, 'good': 252, 'comedy': 238, 'characters': 224, 'fun': 210, 'time': 182, 'did': 182, 'school': 182, 'way': 154}"
tt5057140,5.6,2018,Horror,tt5057140,"{'movie': 336, 's': 323, 'nt': 247, 'film': 234, 'dark': 202, 'book': 132, 'story': 131, 'hold': 123, 'wolf': 109, 'did': 106, 'medora': 92, 'ending': 86, 'going': 81, 'vernon': 79, 'plot': 75, 'movies': 73, 'made': 69, 'good': 64, 'core': 61, 'people': 61}"
tt7153766,6.4,2018,Horror,tt7153766,"{'film': 900, 's': 664, 'sawyer': 313, 'nt': 257, 'foy': 238, 'soderbergh': 213, 'good': 207, 'stalker': 202, 'movie': 198, 'iphone': 195, 'unsane': 193, 'claire': 177, 'david': 162, 'hospital': 152, 'time': 133, 'great': 133, 'staff': 131, 'thriller': 126, 'way': 125, 'did': 125}"
tt6217306,6.3,2018,Horror,tt6217306,"{'s': 238, 'film': 183, 'nt': 91, 'movie': 90, 'horror': 88, 'good': 87, 'apostle': 86, 'man': 78, 'great': 74, 'island': 73, 'time': 66, 'stevens': 60, 'n': 59, 'cult': 58, 'dan': 54, 'bad': 53, 'half': 52, 'two': 50, 'netflix': 49, 'thomas': 48}"
tt4411234,4.6,2018,Horror,tt4411234,"{'movie': 432, 's': 288, 'film': 270, 'nt': 264, 'slice': 144, 'good': 132, 'did': 126, 'world': 78, 'bad': 78, 'horror': 78, 'pizza': 78, 'fun': 78, 'comedy': 72, 'chance': 66, 'better': 66, 'b': 66, 'script': 66, 'funny': 60, 'acting': 60, 'ghosts': 60}"
tt4530422,6.6,2018,Horror,tt4530422,"{'s': 540, 'movie': 288, 'film': 258, 'nt': 222, 'horror': 174, 'overlord': 168, 'action': 168, 'war': 120, 'lot': 108, 'nazis': 102, 'good': 96, 'characters': 90, 'opening': 90, 'fun': 84, 'nazi': 78, 'd': 78, 'zombie': 72, 'great': 72, 'make': 72, 'avery': 66}"
tt6628394,7.1,2018,Horror,tt6628394,"{'film': 473, 's': 453, 'great': 272, 'hotel': 236, 'bad': 234, 'movie': 224, 'nt': 208, 'good': 193, 'tarantino': 191, 'el': 190, 'royale': 190, 'side': 162, 'characters': 158, 'goddard': 151, 'story': 150, 'hemsworth': 147, 'character': 147, 'films': 131, 'way': 122, 'end': 114}"
tt5462326,5.5,2018,Horror,tt5462326,"{'cage': 439, 'movie': 437, 's': 417, 'film': 350, 'nt': 311, 'parents': 209, 'mom': 193, 'dad': 193, 'kids': 150, 'nicolas': 142, 'ending': 138, 'plot': 127, 're': 125, 'time': 125, 'horror': 122, 'selma': 121, 'blair': 121, 'great': 117, 'watch': 116, 'love': 111}"
tt6269368,6.5,2018,Horror,tt6269368,"{'s': 546, 'nt': 464, 'killer': 238, 'movie': 224, 'film': 222, 'son': 219, 'dad': 210, 'did': 206, 'good': 196, 'ending': 180, 'tyler': 157, 'father': 145, 'serial': 136, 'story': 134, 'clovehitch': 93, 'family': 92, 'bit': 85, 'don': 85, 'think': 84, 'slow': 83}"
tt5085924,5.5,2018,Horror,tt5085924,"{'movie': 825, 'film': 757, 's': 705, 'story': 483, 'nt': 476, 'did': 419, 'anna': 412, 'good': 407, 'wildling': 369, 'horror': 256, 'daddy': 222, 'tyler': 203, 'bad': 203, 'powley': 201, 'character': 200, 'liv': 185, 'acting': 183, 'time': 166, 'ending': 165, 'thought': 150}"
tt7174764,6.4,2018,Horror,tt7174764,"{'show': 240, 'camera': 228, 'nt': 144, 's': 132, 'good': 132, 'shaky': 120, 'watching': 108, 'season': 108, 'actors': 96, 'work': 96, 'watch': 84, 'sean': 84, 'story': 84, 'crackle': 84, 'keep': 72, 'bean': 72, 'series': 60, 'tv': 60, 'episode': 60, 'great': 60}"
tt5774450,6.7,2018,Horror,tt5774450,"{'s': 683, 'movie': 675, 'film': 476, 'nt': 335, 'horror': 323, 'killer': 242, 'things': 231, '80s': 229, 'stranger': 187, 'good': 185, 'movies': 182, 'serial': 182, 'way': 167, 'end': 167, 'ending': 167, 'summer': 155, 'kids': 155, 'neighbor': 151, 'story': 139, 'boys': 137}"
tt3463106,5.6,2018,Horror,tt3463106,"{'cured': 516, 'zombie': 366, 'film': 355, 'movie': 348, 'nt': 327, 's': 317, 'did': 172, 'good': 162, 'genre': 153, 'back': 142, 'zombies': 142, 'page': 140, 'take': 129, 'world': 120, 'infected': 120, 'ellen': 119, 'interesting': 117, 'irish': 110, 'time': 109, 'story': 98}"
tt2119543,6.0,2018,Horror,tt2119543,"{'s': 1004, 'movie': 719, 'lewis': 521, 'black': 478, 'nt': 453, 'house': 424, 'film': 397, 'jack': 371, 'story': 358, 'clock': 344, 'good': 291, 'blanchett': 265, 'cate': 264, 'uncle': 262, 'character': 236, 'jonathan': 234, 'great': 224, 'vaccaro': 223, 'kids': 222, 'walls': 214}"
tt13141250,4.0,2018,Horror,tt13141250,"{'movie': 306, 'nt': 228, 'freeman': 204, 's': 180, 'morgan': 168, 'acting': 144, 'bad': 138, 'watch': 108, 'did': 84, 'good': 78, 'actors': 72, 'killer': 72, 'plot': 66, 'time': 66, 'ritual': 66, 'scene': 60, 'sense': 60, 'film': 60, 'hauser': 60, 'movies': 60}"
tt2372251,5.0,2018,Horror,tt2372251,"{'movie': 221, 'nt': 158, 's': 130, 'did': 114, 'story': 77, 'good': 69, 'uma': 68, 'great': 67, 'film': 56, 'thurman': 56, 'school': 54, 'horror': 49, 'dark': 48, 'setting': 48, 'time': 45, 'things': 43, 'robb': 43, 'make': 42, 'book': 41, 'going': 38}"
tt6205872,6.0,2018,Horror,tt6205872,"{'s': 1500, 'film': 1300, 'nt': 740, 'movie': 580, 'girls': 460, 'people': 400, 'assassination': 320, 'nation': 320, 'town': 320, 'social': 280, 'lily': 280, 'good': 240, 'make': 240, 'take': 240, 'violence': 220, 'levinson': 220, 'right': 220, 'time': 200, 'young': 200, 'way': 200}"
tt6133466,5.2,2018,Horror,tt6133466,"{'purge': 480, 'movie': 472, 'film': 376, 's': 240, 'people': 192, 'nt': 176, 'movies': 112, 'franchise': 104, 'films': 104, 'characters': 104, 'action': 88, 'did': 80, 'series': 80, 'time': 80, 'think': 72, 'good': 72, 'prequel': 72, 'black': 72, 'white': 64, 'make': 64}"
tt5220122,6.3,2018,Horror,tt5220122,"{'movie': 416, 's': 264, 'dracula': 227, 'film': 210, 'hotel': 202, 'transylvania': 163, 'nt': 144, '3': 143, 'love': 140, 'kids': 140, 'characters': 136, 'animation': 134, 'good': 134, 'family': 128, 'series': 118, 'cruise': 114, 'two': 114, 'funny': 111, 'story': 108, 'vacation': 107}"
tt4761916,6.0,2018,Horror,tt4761916,"{'s': 700, 'nt': 512, 'film': 501, 'movie': 444, 'dark': 292, 'did': 292, 'horror': 290, 'web': 240, 'good': 226, 'better': 222, 'original': 208, 'watch': 206, 'laptop': 188, 'friends': 187, 'sequel': 172, 'bad': 171, 'computer': 171, 'unfriended': 156, 'story': 155, 'characters': 155}"
tt5664636,5.6,2018,Horror,tt5664636,"{'movie': 390, 's': 318, 'halloween': 246, 'slappy': 246, 'goosebumps': 192, 'good': 192, 'kids': 192, 'film': 156, 'book': 144, 'haunted': 126, 'fun': 126, 'nt': 126, 'jack': 120, 'black': 120, 'life': 120, 'family': 114, 'stine': 108, 'did': 102, 'story': 102, 'monsters': 90}"
tt5685006,5.4,2018,Horror,tt5685006,"{'s': 701, 'movie': 526, 'puppet': 489, 'puppets': 487, 'master': 409, 'nt': 361, 'film': 315, 'horror': 206, 'franchise': 197, 'original': 173, 'films': 162, 'gore': 160, 'movies': 138, 'series': 138, 'fun': 136, 'time': 128, 'story': 128, 'good': 126, 'way': 124, 'toulon': 118}"
tt4399952,5.1,2018,Horror,tt4399952,"{'nt': 400, 's': 373, 'film': 332, 'rachel': 251, 'edward': 218, 'good': 205, 'lodgers': 197, 'horror': 182, 'did': 178, 'house': 177, 'story': 175, 'rules': 167, 'twins': 163, 'movie': 148, 'family': 135, 'interesting': 125, 'time': 119, 'world': 110, 'gothic': 97, 'sean': 91}"
tt2737304,6.6,2018,Horror,tt2737304,"{'movie': 589, 'nt': 574, 's': 511, 'people': 428, 'bullock': 313, 'did': 269, 'two': 250, 'film': 237, 'horror': 201, 'characters': 188, 'sandra': 184, 'good': 184, 'blindfolded': 177, 'bird': 165, 'box': 164, 'end': 164, 'great': 161, 're': 150, 'place': 149, '5': 140}"
tt4266076,6.0,2018,Horror,tt4266076,"{'zombie': 276, 's': 210, 'movie': 186, 'zombies': 114, 'film': 102, 'man': 90, 'character': 78, 'nt': 78, 'apartment': 72, 'time': 72, 'building': 66, 'apocalypse': 66, 'sam': 60, 'make': 60, 'party': 54, 'movies': 54, 'main': 48, 'dead': 42, 'french': 42, 'paris': 42}"
tt5726086,5.7,2018,Horror,tt5726086,"{'s': 416, 'film': 408, 'elise': 400, 'movie': 320, 'insidious': 288, 'horror': 272, 'nt': 264, 'good': 200, 'key': 160, 'story': 144, 'house': 136, 'shaye': 128, 'scares': 128, 'series': 112, 'demon': 104, 'new': 104, 'jump': 104, 'movies': 104, 'did': 104, 'lin': 96}"
tt3829266,5.3,2018,Horror,tt3829266,"{'predator': 582, 's': 420, 'movie': 264, 'nt': 264, 'film': 252, 'black': 138, 'good': 108, 'bad': 96, 'franchise': 96, 'action': 90, 'did': 84, 'make': 84, 'characters': 84, 'jokes': 84, 'story': 72, 'alien': 72, 'character': 66, 'shane': 60, 'original': 60, 'way': 60}"
tt1285009,5.2,2018,Horror,tt1285009,"{'s': 1213, 'movie': 1106, 'nt': 644, 'strangers': 460, 'family': 449, 'night': 341, 'film': 314, 'time': 313, 'prey': 297, 'good': 282, 'girl': 282, 'horror': 268, 'daughter': 253, 'original': 238, 'back': 238, 'trailer': 224, 'm': 207, 'sequel': 195, 'made': 194, 'way': 194}"
tt5814060,5.3,2018,Horror,tt5814060,"{'nun': 897, 'movie': 796, 'nt': 585, 's': 530, 'film': 510, 'conjuring': 449, 'horror': 410, 'good': 345, 'jump': 254, 'scares': 241, 'great': 230, 'movies': 227, 'story': 227, 'did': 203, 'way': 179, 'scary': 177, 'films': 166, 'creepy': 165, 'bad': 152, 'plot': 139}"
tt4779682,5.6,2018,Horror,tt4779682,"{'s': 481, 'movie': 424, 'shark': 294, 'nt': 259, 'statham': 236, 'meg': 236, 'film': 223, 'hate': 167, 'bad': 141, 'jason': 135, 'good': 131, 'time': 130, 'fun': 116, 'action': 115, 'movies': 98, 'sea': 93, 'way': 92, 'jonas': 91, 'character': 88, 'love': 86}"
tt6883152,4.6,2018,Horror,tt6883152,"{'s': 456, 'voice': 315, 'nt': 295, 'friedkin': 284, 'documentary': 239, 'exorcism': 216, 'people': 160, 'father': 154, 'amorth': 154, 'film': 153, 'did': 153, 'william': 152, 'possessed': 138, 'director': 110, 'exorcist': 108, 'real': 98, 'religious': 97, 'possession': 97, 'woman': 94, 'interesting': 88}"
tt3203528,6.4,2018,Horror,tt3203528,"{'s': 1185, 'movie': 834, 'bad': 800, 'nt': 684, 'sean': 566, 'tennant': 517, 'samaritan': 488, 'film': 468, 'david': 409, 'good': 338, 'cale': 336, 'did': 322, 'thriller': 299, 'sheehan': 281, 'character': 271, 'plot': 262, 'things': 252, 'house': 231, 'make': 223, 'story': 220}"
tt4003440,6.8,2018,Horror,tt4003440,"{'s': 1924, 'film': 1405, 'jack': 1346, 'trier': 1278, 'von': 1186, 'movie': 939, 'nt': 914, 'serial': 665, 'killer': 644, 'house': 559, 'art': 427, 'did': 405, 'dillon': 390, 'built': 370, 'work': 358, 'lars': 333, 'matt': 333, 'way': 279, 'scenes': 262, 'time': 260}"
tt2548396,5.5,2018,Horror,tt2548396,"{'s': 761, 'cloverfield': 622, 'nt': 620, 'movie': 503, 'film': 492, 'space': 337, 'paradox': 262, 'earth': 238, 'station': 216, 'universe': 197, 'make': 185, 'things': 173, 'crew': 163, 'movies': 163, 'fi': 159, 'good': 154, 'wall': 153, 'know': 152, 'sci': 148, 'films': 141}"
tt5734576,5.2,2018,Horror,tt5734576,"{'film': 1178, 's': 696, 'movie': 636, 'nt': 543, 'horror': 500, 'grace': 426, 'hannah': 412, 'good': 376, 'morgue': 260, 'possession': 243, 'great': 241, 'megan': 228, 'creepy': 199, 'scares': 197, 'shay': 185, 'mitchell': 184, 'exorcism': 184, 'way': 180, 'bad': 166, 'scare': 165}"
tt1270797,6.6,2018,Horror,tt1270797,"{'venom': 999, 's': 861, 'movie': 488, 'film': 476, 'hardy': 370, 'nt': 356, 'eddie': 321, 'tom': 302, 'story': 222, 'man': 221, 'brock': 221, 'good': 217, 'action': 190, 'watch': 179, 'spider': 176, 'marvel': 160, 'interesting': 156, 'character': 156, 'scenes': 156, 'williams': 155}"
tt5690360,3.2,2018,Horror,tt5690360,"{'s': 1168, 'movie': 900, 'nt': 732, 'man': 686, 'slender': 670, 'film': 534, 'horror': 434, 'did': 341, 'scary': 313, 'characters': 309, 'story': 294, 'good': 290, 'bad': 264, 'made': 219, 'acting': 219, 'great': 213, 'films': 201, 'watch': 170, 'movies': 169, 'moments': 168}"
tt1072748,5.4,2018,Horror,tt1072748,"{'winchester': 450, 's': 396, 'sarah': 300, 'house': 288, 'nt': 276, 'film': 258, 'story': 210, 'horror': 168, 'movie': 162, 'mirren': 126, 'price': 120, 'scares': 108, 'good': 108, 'haunted': 108, 'clarke': 102, 'ghost': 102, 'helen': 96, 'company': 96, 'dr': 78, 'jason': 72}"
tt1308728,5.4,2018,Horror,tt1308728,"{'s': 1860, 'movie': 907, 'puppets': 873, 'nt': 778, 'phil': 774, 'happytime': 768, 'film': 766, 'puppet': 716, 'murders': 516, 'mccarthy': 461, 'edwards': 414, 'melissa': 403, 'time': 374, 'henson': 374, 'comedy': 353, 'good': 338, 'make': 334, 'humans': 320, 'world': 285, 'funny': 279}"
tt1999890,5.5,2018,Horror,tt1999890,"{'s': 1255, 'movie': 624, 'horror': 551, 'hell': 537, 'nt': 536, 'fest': 514, 'film': 441, 'slasher': 386, 'park': 332, 'killer': 293, 'fun': 249, 'characters': 242, 'did': 218, 'going': 213, 'scares': 211, 'group': 188, 'time': 177, 'lot': 165, 'good': 151, 'halloween': 149}"
tt7984734,7.4,2019,Horror,tt7984734,"{'film': 328, 's': 264, 'nt': 192, 'two': 176, 'lighthouse': 168, 'movie': 144, 'pattinson': 120, 'dafoe': 112, 'robert': 112, 'story': 104, 'acting': 88, 'wake': 88, 'black': 80, 'white': 80, 'great': 72, 'willem': 64, 'thomas': 64, 'eggers': 64, 'horror': 64, 'actors': 64}"
tt7464188,6.2,2019,Horror,tt7464188,"{'s': 360, 'film': 300, 'dress': 180, 'nt': 180, 'strickland': 138, 'sheila': 90, 'store': 90, 'fabric': 90, 'did': 84, 'movie': 78, 'machine': 72, 'washing': 66, 'horror': 66, 'films': 60, 'peter': 60, 'way': 60, 'makes': 60, 'story': 60, 'half': 60, 'funny': 60}"
tt3581920,8.9,2019,Horror,tt3581920,"{'show': 1250, 's': 1096, 'episode': 1094, 'game': 1044, 'nt': 947, 'series': 610, 'did': 503, 'good': 476, 'story': 445, 'ellie': 433, 'episodes': 431, 'characters': 428, 'felt': 354, 'time': 308, 'joel': 299, 'people': 269, 'm': 267, 'character': 265, 'infected': 252, 'great': 234}"
tt4827558,5.8,2019,Horror,tt4827558,"{'s': 1104, 'film': 648, 'movie': 612, 'nt': 564, 'space': 432, 'life': 372, 'high': 336, 'denis': 252, 'mission': 240, 'story': 216, 'pattinson': 192, 'characters': 180, 'scenes': 180, 'know': 168, 'black': 168, 'character': 144, 'hole': 144, 'think': 144, 'say': 144, 're': 144}"
tt4823434,6.9,2019,Horror,tt4823434,"{'s': 750, 'film': 720, 'movie': 310, 'horror': 280, 'estrella': 280, 'children': 260, 'nt': 230, 'tigers': 200, 'films': 180, 'mexico': 180, 'drug': 170, 'afraid': 170, 'gang': 160, 'story': 160, 'mexican': 150, 'lópez': 150, 'dark': 150, 'group': 140, 'kids': 130, 'wishes': 130}"
tt8772262,7.1,2019,Horror,tt8772262,"{'film': 1330, 's': 1329, 'nt': 701, 'horror': 545, 'movie': 521, 'aster': 284, 'did': 258, 'midsommar': 241, 'man': 231, 'time': 217, 'long': 214, 'hereditary': 213, 'good': 213, 'wicker': 202, 'things': 187, 'watch': 186, 'slow': 171, 'felt': 171, 'christian': 171, 'take': 171}"
tt6560164,5.8,2019,Horror,tt6560164,"{'movie': 246, 's': 228, 'monster': 204, 'nt': 186, 'jenn': 174, 'did': 114, 'sweetheart': 108, 'film': 108, 'good': 102, 'great': 84, 'horror': 78, 'watch': 72, 'island': 72, 'creature': 60, 'make': 54, 'clemons': 54, 'better': 54, 'lead': 48, 'kiersey': 48, 'movies': 48}"
tt6426028,6.3,2019,Horror,tt6426028,"{'s': 908, 'film': 629, 'nt': 394, 'movie': 306, 'killer': 273, 'gay': 264, 'giallo': 261, 'anne': 253, 'did': 209, 'good': 185, 'paradis': 176, 'porn': 174, 'back': 165, 'lot': 164, 'think': 164, 'way': 131, 'man': 121, 'knife': 120, 'queer': 120, 'story': 120}"
tt7946216,5.5,2019,Horror,tt7946216,"{'movie': 570, 's': 506, 'nt': 466, 'adam': 260, 'good': 228, 'frankenstein': 227, 'story': 223, 'think': 218, 'did': 216, 'fessenden': 206, 'horror': 205, 'film': 205, 'depraved': 203, 'great': 191, 'polidori': 143, 'm': 140, 'classic': 139, 'character': 138, 'henry': 130, 'monster': 127}"
tt8359848,6.9,2019,Horror,tt8359848,"{'film': 638, 'movie': 540, 's': 495, 'nt': 432, 'dance': 366, 'noe': 274, 'people': 261, 'climax': 221, 'dancers': 195, 'lsd': 170, 'characters': 170, 'bad': 169, 'drugs': 158, 'watch': 157, 'noé': 156, 'things': 145, 'work': 144, 'shot': 143, 'experience': 143, 'scene': 131}"
tt6079516,6.8,2019,Horror,tt6079516,"{'s': 966, 'movie': 714, 'film': 696, 'nt': 471, 'good': 370, 'thriller': 350, 'did': 330, 'house': 311, 'helen': 297, 'alec': 293, 'hunt': 279, 'time': 265, 'horror': 247, 'half': 207, 'watch': 194, 'great': 193, 'story': 192, 'twists': 192, 'harper': 180, 'plot': 176}"
tt7798634,6.8,2019,Horror,tt7798634,"{'s': 691, 'film': 501, 'movie': 408, 'family': 396, 'grace': 295, 'nt': 268, 'comedy': 256, 'great': 245, 'horror': 204, 'ready': 181, 'fun': 167, 'good': 155, 'le': 142, 'samara': 140, 'weaving': 140, 'watch': 139, 'game': 129, 'make': 127, 'characters': 127, 'gore': 127}"
tt6292852,6.7,2019,Horror,tt6292852,"{'daughter': 1188, 'mother': 1131, 's': 1028, 'movie': 757, 'nt': 582, 'woman': 530, 'film': 508, 'human': 397, 'good': 336, 'bunker': 322, 'did': 303, 'swank': 300, 'plot': 285, 'humans': 261, 'sci': 244, 'fi': 244, 'world': 227, 'droid': 209, 'hilary': 206, 'understand': 189}"
tt8806104,5.8,2019,Horror,tt8806104,"{'nt': 324, 'film': 319, 's': 218, 'horror': 213, 'dead': 167, 'doe': 155, 'acting': 115, 'good': 113, 'movies': 108, 'budget': 106, 'story': 106, 'hospital': 105, 'movie': 98, 'john': 94, 'carruth': 90, 'childs': 90, 'forrester': 90, 'way': 89, 'center': 88, 'body': 88}"
tt6516314,5.5,2019,Horror,tt6516314,"{'s': 1469, 'film': 1209, 'nt': 872, 'movie': 481, 'reed': 425, 'piercing': 341, 'horror': 340, 'going': 289, 'things': 289, 'good': 272, 'wasikowska': 239, 'jackie': 238, 'did': 222, 'people': 222, 'character': 222, 'abbott': 221, 'pesce': 221, 'thriller': 221, 'know': 206, 'mia': 205}"
tt6378710,6.2,2019,Horror,tt6378710,"{'s': 210, 'movie': 138, 'film': 102, 'good': 90, 'nt': 90, 'villains': 84, 'great': 66, 'acting': 60, 'bill': 54, 'comedy': 54, 'monroe': 48, 're': 48, 'actors': 42, 've': 42, 'story': 42, 'did': 42, 'plot': 36, 'll': 36, 'fun': 36, 'skarsgård': 36}"
tt11357580,6.6,2019,Horror,tt11357580,"{'movie': 113, 'story': 97, 'prison': 82, 'nt': 64, 'love': 53, 'two': 51, 'acting': 47, 'characters': 43, 'gay': 33, 'ruben': 32, 'garcia': 31, 'film': 30, 'men': 27, 'ending': 27, 'watching': 27, 'actors': 26, 'carlos': 25, 'best': 25, 's': 24, 'excellent': 21}"
tt6198946,5.6,2019,Horror,tt6198946,"{'movie': 320, 'horror': 290, 'film': 239, 's': 229, 'good': 191, 'hole': 173, 'nt': 139, 'story': 121, 'son': 120, 'mother': 119, 'ground': 109, 'things': 99, 'slow': 94, 'better': 82, 'great': 73, 'bad': 73, 'movies': 73, 'did': 66, 'made': 65, 'moments': 65}"
tt8745960,6.1,2019,Horror,tt8745960,"{'daniel': 1160, 's': 1140, 'nt': 1040, 'film': 880, 'luke': 840, 'horror': 540, 'good': 420, 'movie': 400, 'real': 360, 'story': 320, 'did': 320, 'imaginary': 320, 'friend': 320, 'movies': 300, 'mental': 260, 'way': 240, 'schwarzenegger': 240, 'better': 220, 'robbins': 220, 'patrick': 220}"
tt7043012,5.7,2019,Horror,tt7043012,"{'film': 744, 's': 696, 'art': 684, 'movie': 408, 'nt': 312, 'horror': 264, 'characters': 240, 'gilroy': 216, 'gyllenhaal': 216, 'velvet': 204, 'buzzsaw': 192, 'jake': 180, 'time': 180, 'work': 168, 'world': 168, 'story': 156, 'great': 144, 'paintings': 144, 'interesting': 144, 'good': 144}"
tt3387520,6.2,2019,Horror,tt3387520,"{'s': 424, 'stories': 389, 'horror': 388, 'scary': 258, 'movie': 257, 'film': 235, 'book': 233, 'story': 183, 'nt': 171, 'stella': 139, 'tell': 108, 'kids': 103, 'halloween': 102, 'house': 102, 'dark': 100, 'good': 90, 'did': 79, '1968': 76, 'del': 76, 'toro': 76}"
tt7349910,5.5,2019,Horror,tt7349910,"{'s': 240, 'horror': 174, 'good': 174, 'film': 150, 'nt': 132, 'story': 126, 'great': 108, 'segment': 102, 'movie': 84, 'directed': 72, 'n': 66, 'segments': 66, 'dead': 66, 'mickey': 66, 'theater': 66, 'bit': 66, 'garris': 60, 'stories': 60, 'rourke': 60, 'thing': 54}"
tt7772580,6.2,2019,Horror,tt7772580,"{'nt': 262, 's': 243, 'movie': 235, 'film': 160, 'good': 108, 'story': 94, 'plot': 83, 'make': 80, 'hand': 79, 'way': 75, 'people': 70, 'acting': 69, 'think': 63, 'bad': 61, 'twists': 56, 'done': 56, 'time': 56, 'say': 55, 'great': 55, 'ridiculous': 54}"
tt8364368,6.1,2019,Horror,tt8364368,"{'s': 764, 'movie': 732, 'nt': 497, 'film': 298, 'alligators': 285, 'crawl': 263, 'haley': 247, 'gators': 208, 'water': 192, 'father': 191, 'people': 180, 'good': 177, 'things': 176, 'alligator': 176, 'make': 174, 'horror': 166, 'house': 166, 'time': 163, 'dad': 161, 'did': 160}"
tt9204204,5.8,2019,Horror,tt9204204,"{'s': 312, 'film': 240, 'joe': 174, 'nt': 156, 'movie': 108, 'music': 90, 'people': 78, 'hausner': 66, 'time': 60, 'horror': 54, 'high': 54, 'two': 54, 'alice': 54, 'slow': 54, 'made': 48, 'design': 48, 'characters': 48, 'interesting': 42, 'flower': 42, 'score': 42}"
tt5606664,7.3,2019,Horror,tt5606664,"{'s': 882, 'film': 504, 'shining': 408, 'movie': 318, 'sleep': 288, 'doctor': 282, 'kubrick': 252, 'flanagan': 240, 'nt': 240, 'king': 222, 'danny': 192, 'mcgregor': 156, 'horror': 150, 'sequel': 144, 'story': 138, 'shine': 126, 'overlook': 126, 'good': 120, 'ferguson': 120, 'torrance': 120}"
tt7349950,6.5,2019,Horror,tt7349950,"{'s': 954, 'nt': 578, 'movie': 572, 'film': 561, 'pennywise': 414, 'did': 371, 'time': 329, 'chapter': 325, 'cgi': 305, 'horror': 258, 'great': 249, 'long': 235, 'two': 234, 'story': 221, 'book': 220, 'bill': 216, 'losers': 215, 'part': 198, 'jump': 193, 'scene': 184}"
tt8155288,6.2,2019,Horror,tt8155288,"{'movie': 258, 's': 252, 'nt': 240, 'film': 204, 'happy': 162, 'death': 156, 'horror': 144, 'tree': 144, 'time': 138, 'comedy': 114, 'sequel': 114, 'original': 114, 'fun': 96, '2u': 90, 'rothe': 90, 'did': 84, 'think': 72, 'characters': 72, 'ryan': 72, 'good': 72}"
tt1560220,6.7,2019,Horror,tt1560220,"{'s': 814, 'film': 469, 'nt': 405, 'zombie': 323, 'original': 319, 'columbus': 284, 'zombieland': 283, 'tallahassee': 265, 'rock': 253, 'wichita': 233, 'zombies': 221, 'cast': 218, 'sequel': 217, 'tap': 217, 'years': 208, 'fun': 205, 'movie': 194, 'new': 186, 'lot': 167, 'deutch': 147}"
tt2639336,6.0,2019,Horror,tt2639336,"{'s': 686, 'greta': 584, 'nt': 344, 'frances': 335, 'movie': 278, 'huppert': 207, 'film': 192, 'good': 171, 'moretz': 147, 'jordan': 146, 'did': 141, 'isabelle': 122, 'woman': 93, 'grace': 92, 'neil': 92, 'thriller': 87, 'time': 84, 'finds': 83, 'character': 78, 'point': 78}"
tt8695030,5.4,2019,Horror,tt8695030,"{'movie': 1140, 'nt': 929, 's': 767, 'zombie': 359, 'dead': 318, 'zombies': 293, 'die': 287, 'way': 277, 'cast': 252, 'jarmusch': 238, 'boring': 234, 'slow': 218, 'good': 204, 'going': 189, 'people': 187, 'film': 185, 're': 184, 'think': 175, 'make': 174, 'did': 174}"
tt9097270,4.9,2019,Horror,tt9097270,"{'clown': 345, 'wrinkles': 335, 'documentary': 270, 's': 256, 'children': 158, 'nt': 158, 'film': 136, 'kids': 126, 'man': 120, 'parents': 120, 'watch': 116, 've': 109, 'real': 99, 'people': 99, 'scare': 88, 'movie': 78, 'florida': 77, 'point': 76, 'horror': 76, 'life': 69}"
tt8350360,5.9,2019,Horror,tt8350360,"{'s': 799, 'movie': 755, 'annabelle': 731, 'film': 683, 'nt': 515, 'conjuring': 388, 'horror': 383, 'movies': 333, 'home': 287, 'good': 281, 'scares': 277, 'comes': 251, 'films': 231, 'great': 214, 'did': 214, 'two': 213, 'back': 212, 'actually': 207, 'jump': 206, 'warren': 198}"
tt7958736,5.6,2019,Horror,tt7958736,"{'s': 546, 'movie': 433, 'ma': 401, 'film': 329, 'spencer': 300, 'nt': 285, 'octavia': 271, 'horror': 229, 'thriller': 168, 'good': 145, 'script': 142, 'bad': 117, 'better': 116, 'story': 116, 'characters': 116, 'time': 115, 'pretty': 113, 'maggie': 112, 'gets': 101, 'role': 100}"
tt8510350,5.6,2019,Horror,tt8510350,"{'s': 576, 'horror': 369, 'movie': 300, 'nt': 273, 'film': 212, 'comedy': 191, 'satanic': 186, 'watch': 141, 'panic': 139, 'good': 133, 'fun': 132, 'story': 108, 'acting': 98, 'lot': 95, 'bad': 86, 'pizza': 85, 'pretty': 78, 'things': 77, 'way': 76, 'did': 75}"
tt5913798,4.1,2019,Horror,tt5913798,"{'movie': 229, 's': 199, 'film': 160, 'nt': 154, 'horror': 105, 'end': 88, 'wounds': 87, 'story': 82, 'ending': 71, 'phone': 66, 'armie': 60, 'good': 57, 'lot': 53, 'going': 52, 'movies': 51, 'bar': 47, 'know': 47, 'girlfriend': 47, 'great': 45, 'hammer': 44}"
tt5886046,6.4,2019,Horror,tt5886046,"{'room': 354, 'escape': 250, 'movie': 237, 'nt': 235, 's': 227, 'film': 215, 'good': 198, 'characters': 122, 'did': 113, 'rooms': 97, 'story': 91, 'fun': 79, 'thriller': 74, 'horror': 71, 'acting': 71, 'character': 70, 'great': 64, 'films': 63, 'puzzle': 60, 'time': 57}"
tt3741700,6.0,2019,Horror,tt3741700,"{'movie': 470, 'monsters': 340, 'godzilla': 340, 's': 310, 'nt': 240, 'film': 180, 'people': 170, 'monster': 150, 'human': 120, 'good': 110, 'story': 110, 'bad': 110, 'plot': 100, 'special': 100, 'effects': 100, 'characters': 100, 'king': 90, 'better': 90, 'great': 80, 'time': 80}"
tt4669296,6.6,2019,Horror,tt4669296,"{'s': 1000, 'metal': 770, 'film': 670, 'black': 660, 'movie': 630, 'nt': 530, 'varg': 430, 'euronymous': 420, 'music': 290, 'mayhem': 260, 'story': 260, 'scene': 240, 'dead': 200, 'did': 200, 'true': 190, 'band': 170, 'think': 160, 'chaos': 160, 'people': 160, 'real': 160}"
tt8708304,4.8,2019,Horror,tt8708304,"{'film': 532, 's': 462, 'nt': 392, 'devil': 378, 'good': 336, 'did': 224, 'trapped': 210, 'story': 182, 'movie': 168, 'end': 168, 'man': 154, 'house': 140, 'slow': 140, 'things': 140, 'plot': 126, 'steve': 126, 'time': 112, 'makes': 112, 'budget': 98, 'horror': 98}"
tt4504044,5.9,2019,Horror,tt4504044,"{'film': 752, 's': 608, 'movie': 560, 'horror': 544, 'nt': 416, 'miles': 416, 'prodigy': 400, 'soul': 288, 'good': 272, 'evil': 272, 'child': 208, 'story': 208, 'taylor': 176, 'son': 176, 'schilling': 160, 'jackson': 160, 'robert': 160, 'jump': 160, 'acting': 160, 'scott': 144}"
tt7752126,6.1,2019,Horror,tt7752126,"{'s': 520, 'nt': 456, 'movie': 361, 'film': 306, 'horror': 239, 'good': 224, 'brightburn': 199, 'story': 198, 'evil': 186, 'superman': 172, 'boy': 148, 'brandon': 147, 'think': 137, 'superhero': 133, 'kid': 123, 'interesting': 118, 'character': 117, 'earth': 109, 'take': 106, 'child': 105}"
tt11564570,7.2,2019,Horror,tt11564570,"{'movie': 826, 's': 700, 'nt': 532, 'film': 392, 'knives': 308, 'good': 294, 'story': 266, 'time': 252, 'better': 210, 'movies': 182, 'mystery': 182, 'characters': 182, 'make': 182, 'interesting': 168, 'feel': 168, 'craig': 168, 'acting': 168, 'watching': 168, 'glass': 154, 'onion': 154}"
tt7329656,5.0,2019,Horror,tt7329656,"{'movie': 420, 'nt': 396, 'shark': 336, 's': 336, 'sharks': 216, 'film': 192, 'girls': 168, 'scares': 144, 'cave': 132, 'time': 120, 'bit': 108, 'did': 108, 'diving': 108, 'underwater': 108, 'characters': 96, 'jump': 96, 'great': 84, 'moments': 84, 'scenes': 84, 'ca': 84}"
tt7284202,4.9,2019,Horror,tt7284202,"{'movie': 432, 'nt': 396, 'film': 270, 's': 180, 'characters': 144, 'acting': 144, 'story': 144, 'good': 126, 'bad': 126, 'joseph': 126, 'home': 108, 'trespassers': 108, 'police': 108, 'make': 108, 'sense': 108, 'fairuza': 90, 'balk': 90, 'thought': 90, 'start': 90, 'writing': 90}"
tt4913966,5.2,2019,Horror,tt4913966,"{'s': 318, 'la': 259, 'film': 253, 'nt': 245, 'horror': 244, 'movie': 234, 'llorona': 224, 'story': 160, 'curse': 153, 'universe': 143, 'conjuring': 140, 'good': 136, 'scares': 136, 'children': 121, 'make': 106, 'annabelle': 96, 'bad': 93, 'did': 93, 'time': 92, 'movies': 86}"
tt6722030,5.6,2019,Horror,tt6722030,"{'s': 808, 'charlie': 674, 'movie': 573, 'dennis': 459, 'quaid': 425, 'nt': 389, 'scott': 388, 'annie': 304, 'good': 271, 'house': 271, 'film': 270, 'intruder': 204, 'character': 185, 'couple': 170, 'michael': 170, 'meagan': 170, 'time': 151, 'did': 136, 'old': 136, 'movies': 135}"
tt7670212,6.7,2019,Horror,tt7670212,"{'s': 1377, 'movie': 987, 'film': 704, 'nt': 619, 'honka': 583, 'serial': 471, 'killer': 471, 'fritz': 409, 'people': 352, 'life': 336, 'akin': 327, 'story': 302, 'dassler': 275, 'real': 272, 'german': 261, 'golden': 258, 'women': 258, 'make': 257, 'glove': 242, 'characters': 225}"
tt10039344,5.4,2019,Horror,tt10039344,"{'movie': 246, 'film': 234, 'app': 204, 'horror': 204, 's': 168, 'death': 168, 'nt': 144, 'countdown': 144, 'good': 120, 'scares': 108, 'did': 78, 'die': 78, 'time': 78, 'people': 72, 'characters': 72, 'live': 72, 'quinn': 72, 'plot': 60, 'movies': 60, 'bad': 60}"
tt2274648,5.2,2019,Horror,tt2274648,"{'hellboy': 396, 's': 390, 'nt': 198, 'movie': 192, 'film': 168, 'del': 120, 'toro': 114, 'harbour': 108, 'director': 102, 'movies': 90, 'marshall': 84, 'did': 84, 'action': 84, 'fun': 84, 'character': 84, 'david': 72, 'jovovich': 72, 'good': 72, 'guillermo': 66, 'back': 66}"
tt8366502,4.4,2019,Horror,tt8366502,"{'s': 453, 'movie': 359, 'comedy': 204, 'team': 136, 'corporate': 116, 'characters': 106, 'time': 106, 'nt': 105, 'funny': 105, 'film': 105, 'watch': 103, 'say': 103, 'bad': 94, 'moore': 92, 'animals': 92, 'cave': 82, 'demi': 81, 'script': 80, 'lucy': 78, 'dark': 71}"
tt7976208,2.9,2019,Horror,tt7976208,"{'film': 798, 'nt': 735, 's': 718, 'tate': 542, 'movie': 502, 'sharon': 479, 'bad': 284, 'horror': 283, 'real': 271, 'people': 254, 'story': 235, 'manson': 234, 'life': 218, 'murder': 199, 'time': 196, 'duff': 181, 'did': 167, 'farrands': 166, 'make': 152, 'events': 150}"
tt8173728,7.5,2020,Horror,tt8173728,"{'s': 141, 'film': 84, 'house': 65, 'movie': 65, 'animation': 61, 'nt': 57, 'wolf': 53, 'story': 50, 'stop': 45, 'motion': 45, 'art': 37, 'style': 30, 'time': 30, 'knock': 30, 'watch': 28, 'work': 28, 'narrative': 25, 'horror': 25, 'watching': 24, 'going': 24}"
tt10767168,6.6,2020,Horror,tt10767168,"{'s': 752, 'film': 736, 'horror': 544, 'llorona': 512, 'la': 480, 'story': 448, 'movie': 352, 'general': 320, 'family': 288, 'nt': 272, 'genocide': 272, 'political': 256, 'drama': 192, 'dictator': 176, '»': 176, 'guatemalan': 160, 'woman': 160, 'bustamante': 160, '«': 160, 'slow': 144}"
tt7939766,6.6,2020,Horror,tt7939766,"{'s': 425, 'nt': 310, 'movie': 270, 'film': 227, 'jake': 199, 'kaufman': 144, 'book': 129, 'janitor': 118, 'ending': 109, 'story': 108, 'thinking': 103, 'scene': 103, 'things': 100, 'think': 92, 'make': 91, 'buckley': 90, 'going': 88, 'feel': 86, 'time': 86, 'did': 83}"
tt9072352,6.0,2020,Horror,tt9072352,"{'s': 1152, 'horror': 784, 'film': 640, 'movie': 592, 'nt': 576, 'dementia': 560, 'edna': 512, 'house': 464, 'mother': 384, 'relic': 336, 'kay': 336, 'daughter': 336, 'home': 224, 'grandmother': 224, 'slow': 208, 'james': 192, 'minutes': 176, 'people': 160, 'creepy': 160, 'way': 160}"
tt12749596,6.5,2020,Horror,tt12749596,"{'s': 471, 'movie': 386, 'nt': 337, 'film': 297, 'horror': 272, 'zoom': 196, 'made': 150, 'jump': 148, 'host': 139, 'time': 137, 'characters': 137, 'done': 136, 'good': 135, 'watch': 122, 'pretty': 114, 'scares': 112, 'scary': 88, 'bit': 88, 'better': 87, 'films': 87}"
tt8228288,7.0,2020,Horror,tt8228288,"{'people': 1036, 'nt': 707, 'movie': 701, 's': 691, 'system': 567, 'food': 530, 'platform': 520, 'levels': 395, 'message': 376, 'goreng': 370, 'level': 338, 'top': 306, 'change': 293, 'eat': 283, 'administration': 283, 'bottom': 281, 'represents': 262, 'make': 260, 'end': 258, 'good': 243}"
tt8508734,6.5,2020,Horror,tt8508734,"{'house': 376, 'film': 344, 'horror': 280, 's': 248, 'nt': 232, 'movie': 224, 'bol': 192, 'rial': 160, 'story': 128, 'haunted': 120, 'couple': 112, 'new': 96, 'good': 88, 'things': 88, 'half': 88, 'people': 88, 'apeth': 88, 'two': 80, 'great': 80, 'time': 80}"
tt8233874,6.4,2020,Horror,tt8233874,"{'s': 348, 'nt': 174, 'film': 162, 'movie': 138, 'comedy': 120, 'extra': 108, 'ordinary': 108, 'horror': 96, 'rose': 84, 'funny': 78, 'martin': 78, 'irish': 78, 'hilarious': 78, 'characters': 66, 'virgin': 66, 'driving': 60, 'ghosts': 60, 'story': 54, 'higgins': 54, 'good': 54}"
tt5918982,6.5,2020,Horror,tt5918982,"{'s': 532, 'nt': 389, 'movie': 208, 'film': 195, 'tasya': 181, 'people': 178, 'possessor': 155, 'body': 137, 'story': 133, 'cronenberg': 122, 'character': 111, 'son': 108, 'good': 106, 'interesting': 99, 'time': 93, 'end': 92, 'horror': 90, 'act': 88, 'did': 81, 'company': 80}"
tt10229558,6.1,2020,Horror,tt10229558,"{'s': 294, 'horror': 270, 'movie': 252, 'film': 216, 'nt': 162, 'good': 108, 'dark': 102, 'did': 96, 'farm': 84, 'atmosphere': 84, 'scares': 72, 'movies': 72, 'slow': 66, 'characters': 66, 'better': 60, 'bertino': 60, 'scenes': 60, 'genre': 54, 'fear': 54, 'wicked': 54}"
tt9894470,6.1,2020,Horror,tt9894470,"{'s': 1030, 'movie': 765, 'vfw': 505, 'nt': 454, 'film': 417, 'old': 298, 'cast': 297, 'gore': 269, 'good': 266, 'fred': 248, 'time': 246, 'great': 236, 'action': 222, 'fun': 218, 'bad': 205, 'william': 187, 'begos': 175, 'bar': 170, 'assault': 157, '13': 157}"
tt1051906,7.1,2020,Horror,tt1051906,"{'s': 756, 'film': 477, 'invisible': 453, 'nt': 442, 'movie': 431, 'cecilia': 396, 'man': 340, 'moss': 272, 'good': 189, 'plot': 188, 'did': 186, 'adrian': 176, 'way': 156, 'suit': 155, 'whannell': 151, 'things': 145, 'horror': 140, 'time': 138, 'sister': 137, 'elisabeth': 124}"
tt5073642,6.2,2020,Horror,tt5073642,"{'s': 854, 'cage': 468, 'film': 437, 'movie': 424, 'lovecraft': 333, 'stanley': 279, 'nt': 260, 'space': 226, 'story': 224, 'horror': 198, 'nicolas': 173, 'family': 150, 'color': 150, 'colour': 149, 'nathan': 147, 'time': 146, 'richard': 143, 'effects': 143, 'good': 135, 'short': 133}"
tt8387918,6.6,2020,Horror,tt8387918,"{'film': 80, 'polish': 60, 'say': 60, 'surreal': 60, 'animator': 40, 'music': 40, 's': 40, 'communist': 40, 'poland': 40, 'places': 40, 'visually': 40, 'experience': 40, 'right': 40, 'deep': 40, 'david': 40, 'did': 40, 'love': 40, 'feature': 20, 'acclaimed': 20, 'mariusz': 20}"
tt7781432,6.4,2020,Horror,tt7781432,"{'stories': 828, 'horror': 742, 's': 611, 'story': 457, 'mortuary': 456, 'nt': 425, 'good': 421, 'movie': 407, 'anthology': 405, 'collection': 304, 'clancy': 288, 'brown': 271, 'film': 220, 'short': 220, 'fun': 220, 'tales': 219, 'effects': 202, 'time': 186, 'bit': 184, 'job': 170}"
tt9735758,6.2,2020,Horror,tt9735758,"{'s': 378, 'film': 270, 'comedy': 216, 'movie': 198, 'great': 198, 'watch': 198, 'funny': 180, 'horror': 180, 'nt': 162, 'group': 144, 'boys': 144, 'scottish': 126, 'young': 126, 'original': 108, 'fun': 108, 'hip': 108, 'hop': 108, 'time': 108, 'social': 90, 'old': 90}"
tt8193790,6.6,2020,Horror,tt8193790,"{'s': 343, 'jacket': 287, 'movie': 269, 'deerskin': 250, 'film': 246, 'dujardin': 189, 'georges': 185, 'dupieux': 162, 'jean': 151, 'nt': 125, 'comedy': 121, 'man': 113, 'quentin': 99, 'haenel': 81, 'did': 73, 'time': 70, 'editor': 69, 'horror': 63, 'denise': 61, 'director': 61}"
tt11140488,6.2,2020,Horror,tt11140488,"{'s': 367, 'movie': 314, 'nt': 258, 'film': 207, 'cummings': 190, 'werewolf': 173, 'jim': 152, 'good': 132, 'snow': 130, 'hollow': 130, 'great': 123, 'horror': 118, 'comedy': 118, 'character': 118, 'wolf': 113, 'town': 109, 'director': 78, 'characters': 76, 'actor': 70, 'movies': 69}"
tt10919380,6.3,2020,Horror,tt10919380,"{'s': 623, 'movie': 398, 'vaughn': 312, 'vince': 305, 'freaky': 295, 'fun': 237, 'millie': 219, 'film': 202, 'body': 201, 'horror': 187, 'nt': 179, 'friday': 175, 'comedy': 168, 'good': 158, 'newton': 158, 'girl': 158, 'killer': 153, 'funny': 140, 'slasher': 123, 'kathryn': 123}"
tt8633478,6.7,2020,Horror,tt8633478,"{'s': 578, 'movie': 457, 'nt': 387, 'run': 297, 'paulson': 272, 'film': 260, 'good': 255, 'chloe': 240, 'sarah': 216, 'mother': 214, 'thriller': 200, 'story': 200, 'allen': 198, 'character': 187, 'kiera': 184, 'great': 143, 'watch': 140, 'acting': 129, 'plot': 129, 'actually': 115}"
tt10126434,5.7,2020,Horror,tt10126434,"{'s': 295, 'horror': 282, 'film': 242, 'nt': 238, 'movie': 201, 'stories': 195, 'telling': 180, 'great': 167, 'story': 141, 'two': 115, 'people': 91, 'scary': 90, 'way': 90, 'good': 88, 'characters': 78, 'time': 78, 'comedy': 77, 'acting': 77, 'scares': 77, 'minutes': 77}"
tt8372298,6.5,2020,Horror,tt8372298,"{'s': 574, 'nt': 368, 'film': 367, 'movie': 317, 'hunter': 229, 'bennett': 187, 'people': 177, 'swallow': 170, 'character': 154, 'husband': 147, 'lot': 141, 'control': 138, 'good': 137, 'life': 132, 'horror': 126, 'family': 126, 'story': 125, 'woman': 116, 'psychological': 115, 'haley': 113}"
tt9086228,5.5,2020,Horror,tt9086228,"{'s': 850, 'gretel': 790, 'hansel': 620, 'movie': 420, 'film': 370, 'nt': 360, 'story': 310, 'witch': 270, 'horror': 200, 'perkins': 160, 'good': 150, 'lot': 140, 'house': 140, 'world': 140, 'movies': 130, 'alice': 130, 'krige': 130, 'children': 130, 'lillis': 120, 'old': 120}"
tt7737734,5.3,2020,Horror,tt7737734,"{'s': 276, 'nt': 180, 'film': 156, 'movie': 132, 'lamb': 120, 'scene': 102, 'cult': 90, 'shepherd': 84, 'story': 72, 'slow': 72, 'selah': 72, 'cinematography': 54, 'horror': 54, 'women': 48, 'overuse': 48, 'plot': 42, 'real': 42, 'acting': 42, 'think': 42, 'watch': 42}"
tt8368406,5.8,2020,Horror,tt8368406,"{'s': 1910, 'movie': 841, 'nt': 769, 'vivarium': 510, 'story': 454, 'film': 406, 'gemma': 383, 'life': 346, 'boy': 326, 'way': 312, 'end': 275, 'time': 274, 'yonder': 270, 'child': 255, 'house': 242, 've': 241, 'couple': 238, 'tom': 238, 'raise': 217, 'world': 202}"
tt8816194,6.0,2020,Horror,tt8816194,"{'s': 304, 'film': 234, 'nt': 162, 'wood': 143, 'norval': 130, 'movie': 126, 'father': 120, 'elijah': 112, 'good': 104, 'come': 83, 'scenes': 54, 'horror': 54, 'performance': 54, 'estranged': 52, 'n': 49, 'character': 47, 'watch': 47, 'mchattie': 47, 'did': 46, 'bad': 46}"
tt7598968,6.5,2020,Horror,tt7598968,"{'movie': 702, 'hallmark': 684, 's': 558, 'andie': 504, 'macdowell': 378, 'film': 342, 'beach': 324, 'nt': 324, 'minka': 288, 'daughter': 288, 'family': 270, 'murray': 234, 'life': 234, 'story': 216, 'kelly': 216, 'good': 216, 'characters': 216, 'island': 216, 'chad': 198, 'house': 198}"
tt7347846,6.0,2020,Horror,tt7347846,"{'s': 878, 'movie': 740, 'film': 674, 'nt': 653, 'horror': 521, 'lodge': 435, 'grace': 348, 'children': 292, 'twist': 274, 'good': 257, 'films': 208, 'say': 205, 'felt': 193, 'mother': 192, 'richard': 190, 'slow': 190, 'psychological': 188, 'kids': 173, 'story': 173, 'things': 172}"
tt9016974,6.2,2020,Horror,tt9016974,"{'movie': 407, 's': 401, 'nt': 300, 'time': 201, 'drug': 168, 'mackie': 167, 'synchronic': 144, 'film': 136, 'anthony': 133, 'good': 123, 'dog': 112, 'great': 110, 'travel': 101, 'people': 101, 'watch': 100, 'interesting': 91, 'story': 90, 'did': 90, 'jamie': 89, 'dornan': 89}"
tt7394674,5.6,2020,Horror,tt7394674,"{'movie': 292, 'zombie': 291, 'film': 259, 's': 235, 'nt': 226, 'blood': 126, 'dead': 119, 'zombies': 117, 'quantum': 98, 'good': 87, 'indigenous': 84, 'people': 84, 'new': 82, 'time': 82, 'native': 67, 'characters': 63, 'barnaby': 63, 'action': 63, 'did': 62, 'scenes': 61}"
tt10309552,5.5,2020,Horror,tt10309552,"{'movie': 542, 's': 425, 'nt': 322, 'horror': 268, 'good': 230, 'shift': 206, 'comedy': 205, 'characters': 194, 'kidney': 182, 'fun': 180, 'hour': 179, '12': 167, 'nurse': 155, 'dark': 155, 'hospital': 143, 'things': 143, 'film': 143, 'watch': 129, 'great': 126, 'bettis': 116}"
tt8332802,4.9,2020,Horror,tt8332802,"{'s': 621, 'movie': 526, 'film': 493, 'horror': 485, 'good': 408, 'nt': 375, 'house': 310, 'magda': 293, 'story': 274, 'amulet': 263, 'tomaz': 212, 'watch': 182, 'slow': 181, 'garai': 156, 'end': 151, 'tomas': 143, 'going': 138, 'time': 136, 'mother': 124, 'old': 122}"
tt12298506,6.2,2020,Horror,tt12298506,"{'film': 300, 's': 288, 'black': 252, 'movie': 240, 'nt': 240, 'good': 228, 'box': 216, 'horror': 192, 'story': 144, 'rashad': 120, 'thriller': 120, 'bit': 120, 'twist': 108, 'sci': 108, 'fi': 108, 'phylicia': 96, 'father': 96, 'memories': 96, 'watch': 84, 'mamoudou': 84}"
tt10003008,5.7,2020,Horror,tt10003008,"{'film': 264, 'movie': 248, 'nt': 200, 's': 168, 'horror': 160, 'characters': 120, 'did': 112, 'rental': 104, 'franco': 88, 'time': 88, 'know': 88, 'people': 80, 'dave': 72, 'thriller': 72, 'good': 64, 'two': 64, 'couples': 64, 'killed': 64, 'stevens': 56, 'drama': 56}"
tt4798836,5.6,2020,Horror,tt4798836,"{'s': 864, 'hair': 752, 'movie': 656, 'horror': 464, 'film': 432, 'black': 368, 'bad': 320, 'nt': 272, 'weave': 224, 'fun': 224, 'gets': 176, 'cast': 176, 'anna': 176, 'people': 160, 'music': 160, 'way': 160, 'white': 160, 'story': 160, 'new': 160, 'great': 160}"
tt11905962,6.4,2020,Horror,tt11905962,"{'movie': 240, 'film': 234, 'russian': 180, 'sci': 144, 'fi': 144, 'alien': 126, 'nt': 120, 'good': 120, 's': 120, 'horror': 96, 'films': 90, 'story': 84, 'great': 78, 'sputnik': 72, 'movies': 66, 'effects': 60, 'did': 54, 'characters': 54, 'plot': 54, 'cinematography': 54}"
tt8305806,5.8,2020,Horror,tt8305806,"{'horror': 368, 's': 365, 'movie': 333, 'nt': 301, 'good': 257, 'story': 230, 'film': 171, 'wretched': 164, 'witch': 159, 'effects': 157, 'made': 112, 'ben': 110, 'did': 109, 'time': 100, 'think': 100, 'make': 100, 'characters': 90, 'scares': 84, 'old': 83, 'watch': 82}"
tt2098220,9.0,2020,Horror,tt2098220,"{'hunter': 576, 'anime': 330, 's': 258, 'x': 252, 'series': 210, 'characters': 210, 'show': 192, 'gon': 174, 'nt': 174, 'story': 168, 'arc': 156, 'better': 156, 'best': 138, 'episodes': 114, 'world': 102, 'killua': 102, 'great': 96, 'watch': 84, 'lot': 84, 'good': 84}"
tt2716382,5.7,2020,Horror,tt2716382,"{'sea': 282, 'movie': 270, 's': 252, 'film': 216, 'fever': 210, 'nt': 156, 'good': 156, 'horror': 138, 'creature': 138, 'crew': 108, 'boat': 102, 'time': 78, 'thing': 72, 'character': 66, 'siobhan': 66, 'characters': 66, 'small': 60, 'acting': 60, 'fishing': 60, 'feel': 60}"
tt11044858,5.7,2020,Horror,tt11044858,"{'s': 327, 'nt': 318, 'film': 316, 'horror': 190, 'movie': 185, 'good': 165, 'juliet': 162, 'did': 162, 'music': 146, 'ending': 107, 'sweeney': 106, 'way': 96, 'nocturne': 95, 'black': 85, 'sydney': 85, 'feel': 84, 'story': 84, 'part': 82, 'plot': 82, 'vivian': 76}"
tt8004664,5.7,2020,Horror,tt8004664,"{'s': 489, 'nt': 245, 'movie': 243, 'larry': 238, 'horror': 209, 'film': 180, 'oliver': 161, 'come': 147, 'good': 143, 'play': 133, 'story': 132, 'monster': 110, 'friend': 98, 'ending': 96, 'did': 93, 'chase': 90, 'time': 82, 'movies': 80, 'autistic': 77, 'scares': 74}"
tt7541106,5.8,2020,Horror,tt7541106,"{'s': 944, 'movie': 736, 'nt': 544, 'story': 304, 'cult': 304, 'film': 288, 'good': 272, 'horror': 272, 'sarah': 272, '1br': 240, 'acting': 224, 'way': 224, 'did': 192, 'people': 192, 'bloom': 192, 'new': 192, 'pretty': 176, 'apartment': 160, 'brydon': 160, 'plot': 144}"
tt7395114,7.1,2020,Horror,tt7395114,"{'s': 1190, 'movie': 658, 'time': 476, 'film': 476, 'characters': 448, 'nt': 392, 'story': 364, 'holland': 322, 'people': 308, 'devil': 308, 'good': 266, 'arvin': 238, 'tom': 238, 'great': 224, 'campos': 182, 'cast': 182, 'netflix': 168, 'man': 168, 'religion': 168, 'life': 168}"
tt8058874,5.2,2020,Horror,tt8058874,"{'s': 368, 'film': 320, 'nt': 224, 'movie': 216, 'good': 128, 'horror': 120, 'alexis': 112, 'satanic': 112, 're': 104, 'twist': 96, 'girls': 96, 'metal': 96, 'bad': 88, 'three': 88, 'darkness': 80, 'beverly': 80, 'story': 72, 'did': 72, 'daddario': 72, 'rock': 72}"
tt14376190,7.4,2020,Horror,tt14376190,"{'s': 741, 'nt': 652, 'series': 488, 'book': 433, 'time': 420, 'story': 414, 'dana': 388, 'kevin': 358, 'back': 284, 'season': 281, 'read': 268, 'show': 252, 'did': 238, 'character': 220, 'watch': 179, 'characters': 163, 'adaptation': 135, '2': 133, 'happens': 131, 'times': 120}"
tt4685762,4.5,2020,Horror,tt4685762,"{'movie': 354, 'nt': 210, 's': 204, 'original': 168, 'girls': 144, 'craft': 138, 'story': 120, 'character': 96, 'characters': 90, 'film': 90, 'time': 90, 'made': 84, 'did': 84, 'nancy': 78, 'legacy': 78, 'end': 66, 'girl': 66, 've': 66, 'new': 60, 'good': 60}"
tt15847880,5.7,2020,Horror,tt15847880,"{'movie': 27, 'horror': 18, 'good': 11, 'mexican': 10, 's': 9, 'effects': 8, 'scenes': 6, 'great': 6, 'stuff': 6, 'mal': 5, 'de': 5, 'ojo': 5, 'story': 5, 'movies': 5, 'watch': 4, 'practical': 4, 'scene': 4, 'mexico': 4, 'film': 4, 'find': 4}"
tt8850222,5.5,2020,Horror,tt8850222,"{'movie': 924, 'nt': 476, 's': 420, 'train': 406, 'film': 378, 'busan': 378, 'action': 350, 'zombies': 350, 'zombie': 336, 'peninsula': 294, 'good': 252, 'sequel': 238, 'characters': 224, 'korean': 196, 'cgi': 168, 'car': 168, 'years': 168, 'story': 154, 'scenes': 140, 'make': 126}"
tt2106476,8.3,2020,Horror,tt2106476,"{'s': 528, 'lucas': 444, 'film': 276, 'nt': 270, 'hunt': 234, 'movie': 198, 'vinterberg': 168, 'klara': 162, 'teacher': 132, 'life': 132, 'mikkelsen': 132, 'best': 102, 'did': 102, 'mads': 96, 'accused': 90, 'children': 84, 'story': 84, 'son': 84, 'thomas': 84, 'way': 84}"
tt5774060,5.8,2020,Horror,tt5774060,"{'s': 844, 'movie': 644, 'underwater': 610, 'film': 455, 'nt': 387, 'good': 319, 'stewart': 316, 'kristen': 210, 'did': 187, 'station': 187, 'alien': 185, 'movies': 183, 'characters': 164, 'lot': 152, 'action': 151, 'people': 142, 'creature': 141, 'great': 140, 'bad': 138, 'way': 132}"
tt8201852,5.4,2020,Horror,tt8201852,"{'s': 689, 'movie': 354, 'house': 312, 'film': 299, 'good': 299, 'bacon': 298, 'kevin': 228, 'nt': 228, 'horror': 225, 'story': 182, 'end': 156, 'm': 140, 'watch': 128, 'wife': 128, 'old': 126, 'scares': 113, 'did': 102, 'great': 99, 'bad': 99, 'left': 99}"
tt7978672,4.6,2020,Horror,tt7978672,"{'s': 607, 'water': 483, 'movie': 473, 'nt': 428, 'film': 418, 'black': 330, 'croc': 330, 'abyss': 276, 'crocodile': 275, 'cave': 262, 'characters': 208, 'good': 179, 'group': 138, 'ending': 138, 'did': 112, 'story': 112, 'trapped': 111, 'way': 111, 'horror': 111, 'better': 111}"
tt7945440,5.8,2020,Horror,tt7945440,"{'s': 300, 'movie': 276, 'kayla': 240, 'nt': 192, 'parents': 192, 'brittany': 168, 'lie': 156, 'daughter': 132, 'did': 132, 'good': 132, 'dad': 132, 'film': 120, 'time': 108, 've': 108, 'way': 108, 'end': 96, 'best': 96, 'jay': 96, 'stupid': 84, 'cover': 84}"
tt10065694,5.8,2020,Horror,tt10065694,"{'film': 480, 'movie': 464, 'nt': 400, 's': 368, 'horror': 184, 'veronica': 152, 'plantation': 144, 'people': 136, 'did': 128, 'watch': 120, 'time': 120, 'antebellum': 112, 'different': 104, 'good': 96, 'black': 96, 'slave': 96, 'twist': 96, 'story': 88, 'past': 88, 'better': 88}"
tt4682266,5.3,2020,Horror,tt4682266,"{'s': 1190, 'nt': 798, 'movie': 770, 'x': 532, 'mutants': 518, 'film': 476, 'men': 434, 'new': 392, 'time': 280, 'characters': 266, 'horror': 266, 'did': 224, 're': 224, 'made': 224, 'bad': 210, 'story': 196, 'superhero': 182, 'marvel': 182, 'good': 182, 'set': 182}"
tt3152592,5.6,2020,Horror,tt3152592,"{'scooby': 330, 's': 252, 'doo': 234, 'nt': 228, 'movie': 186, 'film': 138, 'characters': 96, 'kids': 96, 'story': 72, 'm': 72, 'good': 60, 'cartoon': 60, 'plot': 54, 'animation': 54, 'scoob': 54, 'voice': 48, 'jokes': 48, 'time': 48, 'animated': 42, 'original': 42}"
tt11242218,5.6,2020,Horror,tt11242218,"{'stories': 240, 's': 208, 'horror': 200, 'nt': 176, 'books': 160, 'blood': 144, 'good': 136, 'barker': 120, 'movie': 112, 'film': 104, 'watch': 96, 'clive': 96, 'story': 96, 'made': 80, 'book': 72, 'find': 64, 'acting': 64, 'time': 64, 'end': 64, 'did': 64}"
tt1925493,5.2,2020,Horror,tt1925493,"{'nt': 392, 's': 358, 'film': 279, 'comic': 245, 'movie': 240, 'horror': 227, 'baruchel': 142, 'random': 132, 'violence': 132, 'did': 131, 'jay': 131, 'book': 127, 'acts': 121, 'good': 120, 'jesse': 120, 'todd': 118, 'take': 99, 'time': 97, 'life': 97, 'real': 97}"
tt6508228,5.6,2020,Horror,tt6508228,"{'movie': 651, 's': 486, 'ending': 421, 'good': 392, 'horror': 381, 'nt': 320, 'war': 285, 'great': 272, 'film': 255, 'story': 240, 'twist': 185, 'people': 166, 'actually': 137, 'ghosts': 135, 'watch': 122, 'interesting': 120, 'enjoyed': 107, 'movies': 107, 'know': 107, 'soldiers': 106}"
tt7510346,3.9,2020,Horror,tt7510346,"{'nt': 653, 'movie': 650, 's': 476, 'good': 365, 'film': 364, 'story': 305, 'ending': 304, 'kate': 289, 'did': 272, 'time': 248, 'plot': 212, 'turning': 209, 'flora': 190, 'things': 190, 'point': 172, 'horror': 171, 'jump': 155, 'think': 154, 'miles': 153, 'make': 152}"
tt9173418,4.7,2020,Horror,tt9173418,"{'film': 655, 'doll': 439, 'movie': 415, 's': 410, 'brahms': 382, 'boy': 358, 'jude': 261, 'holmes': 202, 'katie': 180, 'good': 179, 'nt': 170, 'ii': 167, 'horror': 167, 'original': 156, 'creepy': 156, 'son': 144, 'make': 137, 'sequel': 134, 'liza': 124, 'family': 124}"
tt9243804,6.6,2021,Horror,tt9243804,"{'s': 1153, 'green': 1055, 'knight': 992, 'gawain': 808, 'movie': 784, 'film': 674, 'story': 453, 'nt': 418, 'did': 297, 'patel': 287, 'honor': 276, 'good': 267, 'lowery': 236, 'original': 213, 'watch': 203, 'time': 200, 'arthur': 198, 'tale': 195, 'lord': 194, 'people': 185}"
tt7557108,6.7,2021,Horror,tt7557108,"{'s': 1542, 'maud': 1392, 'horror': 796, 'film': 742, 'nt': 493, 'glass': 463, 'amanda': 434, 'movie': 397, 'saint': 354, 'god': 261, 'clark': 202, 'rose': 187, 'debut': 185, 'young': 184, 'think': 184, 'character': 171, 'mental': 170, 'way': 169, 'religious': 169, 'final': 155}"
tt10556320,5.2,2021,Horror,tt10556320,"{'movie': 294, 's': 270, 'nt': 192, 'film': 150, 'sator': 138, 'horror': 138, 'woods': 132, 'slow': 108, 'family': 90, 'watching': 90, 'story': 78, 'real': 78, 'did': 78, 'creepy': 72, 'interesting': 72, 'adam': 72, 'made': 60, 'atmosphere': 60, 'watch': 54, 'true': 54}"
tt9270362,6.3,2021,Horror,tt9270362,"{'s': 402, 'film': 282, 'romero': 234, 'nt': 192, 'movie': 156, 'horror': 144, 'park': 138, 'amusement': 120, 'george': 102, 'old': 102, 'elderly': 96, 'people': 96, 'way': 96, 'society': 78, 'good': 60, 'a': 60, 'psa': 60, 'films': 60, 'did': 54, 'made': 54}"
tt9471660,5.4,2021,Horror,tt9471660,"{'film': 252, 'movie': 242, 's': 198, 'story': 186, 'nt': 186, 'amanda': 167, 'david': 167, 'horror': 122, 'carola': 112, 'fever': 85, 'sense': 83, 'dream': 76, 'disturbing': 74, 'did': 74, 'distance': 72, 'mother': 72, 'time': 68, 'makes': 67, 'made': 66, 'good': 66}"
tt19785210,6.8,2021,Horror,tt19785210,"{'show': 595, 's': 516, 'hank': 478, 'nt': 378, 'saul': 289, 'odenkirk': 288, 'episode': 280, 'bad': 276, 'lucky': 258, 'bob': 231, 'better': 221, 'amc': 209, 'breaking': 207, 'call': 207, 'shows': 189, 'great': 175, 'life': 149, 'series': 138, 'think': 136, 'character': 135}"
tt11738830,6.1,2021,Horror,tt11738830,"{'s': 683, 'nt': 378, 'cummings': 328, 'movie': 321, 'film': 308, 'jim': 273, 'jordan': 231, 'story': 196, 'beta': 142, 'test': 142, 'good': 120, 'hollywood': 110, 'plot': 110, 'work': 110, 'comedy': 110, 'pj': 99, 'way': 98, 'time': 96, 'know': 96, 'sexual': 88}"
tt9347730,5.9,2021,Horror,tt9347730,"{'s': 1310, 'candyman': 1092, 'movie': 1085, 'film': 757, 'horror': 721, 'story': 603, 'nt': 537, 'anthony': 360, 'characters': 321, 'original': 318, 'police': 286, 'did': 245, 'time': 241, 'legend': 227, 'good': 213, 'commentary': 210, 'social': 198, 'character': 196, 'think': 182, 'acting': 182}"
tt8332922,7.2,2021,Horror,tt8332922,"{'film': 336, 's': 198, 'nt': 138, 'good': 132, 'movie': 126, 'story': 126, 'quiet': 96, 'place': 90, 'part': 84, 'character': 84, 'characters': 78, 'monsters': 72, 'sequel': 66, 'bit': 66, 'great': 66, 'krasinski': 60, 'time': 60, 'original': 60, 'think': 60, 'watch': 60}"
tt7740496,7.0,2021,Horror,tt7740496,"{'s': 576, 'film': 354, 'movie': 270, 'nt': 192, 'cooper': 186, 'del': 174, 'toro': 168, 'carnival': 156, 'time': 150, 'blanchett': 138, 'stanton': 132, 'act': 126, 'story': 126, 'nightmare': 114, 'alley': 114, 'character': 108, 'characters': 102, 'second': 90, 'carlisle': 90, 'noir': 84}"
tt12801814,5.3,2021,Horror,tt12801814,"{'film': 518, 's': 508, 'movie': 393, 'nt': 338, 'revenge': 276, 'story': 265, 'scenes': 216, 'sims': 215, 'fewer': 215, 'long': 167, 've': 166, 'films': 149, 'time': 118, 'short': 118, 'makes': 116, 'good': 116, 'make': 116, 'character': 114, 'made': 114, 'say': 100}"
tt10329614,6.0,2021,Horror,tt10329614,"{'s': 1317, 'film': 1011, 'movie': 658, 'enid': 501, 'nt': 345, 'censor': 343, 'video': 331, 'horror': 296, 'films': 269, 'sister': 264, 'director': 219, 'did': 217, 'movies': 206, 'nasties': 189, 'algar': 189, 'bailey': 159, 'bond': 159, 'set': 157, 'end': 156, 'niamh': 141}"
tt10793644,5.8,2021,Horror,tt10793644,"{'film': 428, 'movie': 319, 'horror': 281, 'nt': 268, 's': 253, 'jewish': 181, 'vigil': 124, 'good': 123, 'story': 113, 'man': 107, 'ronen': 100, 'thomas': 89, 'half': 88, 'yakov': 84, 'house': 77, 'scares': 77, 'jump': 68, 'demon': 68, 'atmosphere': 67, 'recently': 67}"
tt15576504,7.7,2021,Horror,tt15576504,"{'series': 258, 'kapoor': 210, 's': 192, 'show': 150, 'aditya': 126, 'part': 126, 'anil': 120, 'watch': 102, 'manager': 90, 'night': 84, 'story': 84, 'nt': 78, 'did': 78, 'roy': 78, 'acting': 72, 'original': 66, 'good': 66, 'make': 66, 'time': 54, 'cast': 54}"
tt9812474,6.3,2021,Horror,tt9812474,"{'s': 600, 'film': 462, 'lamb': 410, 'movie': 357, 'nt': 343, 'sheep': 336, 'ada': 226, 'story': 200, 'couple': 188, 'ingvar': 152, 'child': 149, 'things': 138, 'way': 136, 'horror': 126, 'going': 125, 'time': 112, 'human': 110, 'maria': 107, 'watch': 104, 'slow': 98}"
tt9731534,6.5,2021,Horror,tt9731534,"{'s': 428, 'movie': 371, 'house': 324, 'beth': 313, 'nt': 302, 'story': 209, 'night': 191, 'hall': 183, 'husband': 176, 'sod': 162, 'owen': 148, 'horror': 141, 'things': 138, 'film': 125, 'did': 122, 'end': 121, 'rebecca': 115, 'life': 108, 'good': 96, 'women': 90}"
tt7026488,6.0,2021,Horror,tt7026488,"{'s': 696, 'movie': 516, 'nt': 432, 'film': 432, 'story': 264, 'good': 228, 'sleep': 204, 'dream': 180, 'dreams': 180, 'ending': 180, 'come': 168, 'sarah': 144, 'true': 144, 'did': 132, 'horror': 132, 'burns': 120, 'nightmares': 120, 'end': 120, 'way': 108, 'lead': 108}"
tt9701942,6.6,2021,Horror,tt9701942,"{'s': 204, 'part': 195, 'nt': 159, 'film': 108, 'scene': 91, 'good': 86, 'horror': 84, 'trilogy': 83, 'story': 82, 'deena': 78, 'did': 73, '2': 73, 'overuse': 72, 'movie': 68, 'two': 66, 'fear': 64, 'street': 64, 'three': 60, 'movies': 60, 'irish': 57}"
tt6566576,6.2,2021,Horror,tt6566576,"{'s': 994, 'movie': 844, 'nt': 762, 'did': 491, '90s': 388, 'film': 337, 'good': 255, 'street': 221, 'characters': 219, 'main': 216, 'fear': 204, 'make': 204, 'felt': 203, 'character': 199, 'end': 185, 'two': 169, 'feel': 153, 'horror': 153, 'know': 153, 'town': 152}"
tt11252440,6.2,2021,Horror,tt11252440,"{'s': 777, 'movie': 629, 'goreman': 435, 'psycho': 401, 'nt': 399, 'film': 375, 'gore': 256, 'fun': 208, 'effects': 206, 'mimi': 204, 'great': 190, 'power': 189, 'love': 173, 'character': 171, 'comedy': 157, 'take': 157, 'movies': 156, 'main': 154, 'definitely': 140, 'did': 139}"
tt9288692,6.0,2021,Horror,tt9288692,"{'s': 800, 'movie': 784, 'nt': 608, 'horror': 448, 'comedy': 384, 'werewolf': 384, 'town': 304, 'good': 288, 'film': 272, 'werewolves': 256, 'funny': 208, 'm': 208, 'did': 192, 'finn': 192, 'people': 192, 'fun': 192, 'watch': 176, 'sam': 176, 'characters': 176, 'richardson': 160}"
tt9691136,5.0,2021,Horror,tt9691136,"{'s': 946, 'movie': 746, 'plane': 589, 'film': 467, 'nt': 412, 'gremlin': 268, 'time': 244, 'chloe': 242, 'moretz': 238, 'creature': 207, 'shadow': 203, 'cloud': 203, 'action': 193, 'grace': 190, 'things': 177, 'character': 168, 'scenes': 156, 'war': 156, 'horror': 156, 'turret': 154}"
tt9639470,7.0,2021,Horror,tt9639470,"{'s': 1764, 'film': 977, 'nt': 730, 'movie': 681, 'wright': 459, 'story': 438, 'soho': 398, 'horror': 351, 'characters': 346, 'edgar': 304, 'ellie': 285, 'mckenzie': 275, 'great': 260, 'love': 232, 'london': 230, 'joy': 229, 'did': 214, 'taylor': 214, 'life': 212, 'thomasin': 199}"
tt11348542,3.9,2021,Horror,tt11348542,"{'film': 760, 'movie': 720, 's': 720, 'horror': 460, 'agnes': 380, 'nt': 380, 'convent': 300, 'mary': 240, 'half': 240, 'priest': 220, 'drama': 200, 'faith': 200, 'exorcism': 200, 'life': 200, 'started': 180, 'time': 180, 'demonic': 180, 'possession': 180, 'people': 180, 'possessed': 180}"
tt11881160,5.6,2021,Horror,tt11881160,"{'movie': 257, 's': 208, 'horror': 206, 'nt': 163, 'gaia': 151, 'film': 109, 'good': 97, 'watch': 95, 'story': 91, 'interesting': 81, 'slow': 77, 'great': 75, 'fungi': 69, 'say': 62, 'main': 56, 'think': 56, 'son': 55, 'effects': 55, 'cinematography': 55, 'forest': 54}"
tt10738906,5.5,2021,Horror,tt10738906,"{'s': 222, 'movie': 192, 'horror': 162, 'nt': 156, 'film': 126, 'slow': 114, 'feast': 102, 'welsh': 102, 'family': 90, 'language': 84, 'good': 66, 'did': 54, 'cadi': 54, 'dinner': 54, 'two': 54, 'land': 54, 'things': 48, 'story': 48, 'jones': 48, 'nature': 48}"
tt14867006,5.5,2021,Horror,tt14867006,"{'s': 790, 'nt': 307, 'good': 283, 'film': 272, 'story': 259, 'v': 208, 'h': 208, 'segment': 201, 'found': 170, 'vhs': 155, 'segments': 151, 'stories': 145, 'pretty': 139, 'series': 131, 'horror': 122, 'did': 119, 'footage': 118, 'best': 118, 'gore': 115, 'bad': 110}"
tt13429362,5.2,2021,Horror,tt13429362,"{'movie': 296, 's': 283, 'nt': 152, 'film': 140, 'horror': 100, 'earth': 89, 'wheatley': 83, 'going': 79, 'good': 73, 'plot': 69, 'time': 63, 'movies': 61, 'forest': 58, 'pandemic': 58, 'woods': 58, 'interesting': 55, 'made': 54, 'make': 52, 'ben': 52, 'work': 52}"
tt9701940,6.7,2021,Horror,tt9701940,"{'s': 477, 'nt': 398, 'part': 382, 'film': 302, 'did': 264, 'fear': 243, 'street': 230, 'better': 225, 'camp': 210, 'movie': 182, 'two': 159, 'horror': 151, '1978': 148, 'good': 145, 'slasher': 145, 'time': 144, 'characters': 144, 'story': 131, 'sadie': 119, 'sink': 119}"
tt10441822,5.7,2021,Horror,tt10441822,"{'s': 856, 'st': 692, 'vincent': 675, 'movie': 517, 'annie': 446, 'nt': 373, 'brownstein': 339, 'film': 321, 'carrie': 268, 'know': 251, 'documentary': 249, 'real': 231, 'clark': 231, 'did': 231, 'fun': 193, 'story': 178, 'way': 161, 'think': 159, 'life': 143, 'fan': 143}"
tt7917178,5.9,2021,Horror,tt7917178,"{'nt': 685, 's': 562, 'movie': 561, 'film': 491, 'horror': 443, 'isaac': 420, 'house': 297, 'good': 250, 'island': 224, 'great': 223, 'time': 221, 'olga': 195, 'things': 192, 'did': 163, 'character': 162, 'makes': 150, 'job': 150, 'barret': 150, 'story': 147, 'creepy': 147}"
tt7631058,6.9,2021,Horror,tt7631058,"{'s': 576, 'nt': 306, 'show': 240, 'story': 210, 'tolkien': 174, 'characters': 168, 'series': 162, 'rings': 144, 'good': 138, 'episodes': 138, 'elves': 120, 'm': 120, 'played': 120, 'work': 108, 'world': 102, 'did': 102, 'galadriel': 96, 'two': 90, 'time': 90, 'great': 84}"
tt9352356,4.8,2021,Horror,tt9352356,"{'s': 317, 'nt': 205, 'horror': 191, 'movie': 170, 'film': 123, 'dylan': 123, 'low': 105, 'budget': 105, 'kid': 97, 'djinn': 97, 'good': 80, 'ezra': 78, 'think': 76, 'small': 70, 'book': 69, 'dewey': 69, 'great': 63, 'reviews': 63, 'story': 61, 'boy': 61}"
tt11908982,5.5,2021,Horror,tt11908982,"{'s': 300, 'vampire': 216, 'movie': 186, 'horror': 132, 'film': 126, 'wife': 120, 'crampton': 120, 'nt': 114, 'barbara': 108, 'jakob': 84, 'good': 78, 'act': 66, 'watch': 60, 'movies': 60, 'fun': 60, 'lot': 54, 'vampires': 42, 'storyline': 42, 'effects': 42, 'goes': 42}"
tt3885422,6.4,2021,Horror,tt3885422,"{'s': 204, 'animation': 168, 'nt': 156, 'story': 126, 'did': 102, 'animated': 90, 'film': 90, 'watch': 78, 'fantasy': 78, 'style': 66, 'movie': 66, 'characters': 60, 'spine': 54, 'night': 54, 'interesting': 54, 'violence': 54, 'tzod': 54, 'voice': 48, 'evil': 48, 'tale': 42}"
tt7740510,5.9,2021,Horror,tt7740510,"{'s': 417, 'movie': 360, 'film': 296, 'nt': 248, 'story': 237, 'antlers': 167, 'lucas': 160, 'good': 148, 'horror': 146, 'russell': 120, 'creature': 114, 'keri': 113, 'time': 102, 'scott': 98, 'plemons': 92, 'cooper': 92, 'times': 89, 'julia': 88, 'did': 80, 'ending': 79}"
tt2397461,5.9,2021,Horror,tt2397461,"{'clifford': 450, 's': 400, 'dog': 390, 'movie': 380, 'red': 260, 'film': 250, 'big': 240, 'nt': 190, 'family': 160, 'kids': 160, 'bad': 140, 'good': 140, 'moments': 130, 'emily': 120, 'books': 120, 'story': 120, 'fun': 120, 'cute': 120, 'love': 110, 'puppy': 90}"
tt13372992,4.3,2021,Horror,tt13372992,"{'bingo': 211, 'movie': 200, 'film': 193, 'horror': 144, 's': 128, 'nt': 122, 'good': 88, 'hell': 85, 'blumhouse': 79, 'old': 76, 'characters': 70, 'neighborhood': 69, 'richard': 67, 'brake': 67, 'bad': 62, 'amazon': 61, 'did': 60, 'way': 54, 'say': 54, 'made': 54}"
tt10096842,4.7,2021,Horror,tt10096842,"{'s': 501, 'nt': 369, 'movie': 346, 'baby': 191, 'did': 179, 'horror': 167, 'film': 165, 'rosemary': 141, 'good': 128, 'doctor': 126, 'husband': 99, 'scene': 90, 'boring': 86, 'say': 78, 'ilana': 78, 'end': 77, 'bad': 77, 'brosnan': 77, 'going': 75, 'feel': 65}"
tt6372694,4.2,2021,Horror,tt6372694,"{'s': 282, 'cage': 276, 'movie': 234, 'nt': 168, 'ghostland': 138, 'film': 132, 'prisoners': 120, 'time': 120, 'sono': 108, 'nicolas': 96, 'boutella': 84, 'did': 84, 'sion': 72, 'sofia': 72, 'hero': 66, 'watch': 60, 'director': 54, 'bill': 48, 'moseley': 48, 'makes': 48}"
tt10327252,5.4,2021,Horror,tt10327252,"{'purge': 625, 's': 378, 'film': 334, 'nt': 328, 'movie': 222, 'people': 128, 'action': 126, 'franchise': 124, 'movies': 117, 'did': 115, 'series': 115, 'story': 107, 'forever': 105, 'films': 105, 'characters': 88, 'pretty': 88, 'time': 87, 'new': 85, 'actually': 79, 'violence': 78}"
tt7069210,6.3,2021,Horror,tt7069210,"{'movie': 601, 's': 496, 'conjuring': 430, 'nt': 402, 'film': 387, 'story': 313, 'horror': 310, 'made': 258, 'good': 246, 'warrens': 217, 'devil': 208, 'movies': 196, 'scares': 175, 'films': 161, 'two': 136, 'series': 128, 'case': 128, 'wan': 127, 'wilson': 125, 'scary': 125}"
tt13372884,4.4,2021,Horror,tt13372884,"{'movie': 270, 's': 150, 'nt': 132, 'vampire': 120, 'black': 114, 'film': 108, 'did': 102, 'night': 90, 'vampires': 72, 'acting': 66, 'good': 66, 'shawna': 60, 'watch': 48, 'job': 48, 'blumhouse': 42, 'character': 42, 'rating': 42, 'movies': 42, 'made': 42, 'way': 42}"
tt11628854,5.7,2021,Horror,tt11628854,"{'s': 576, 'nt': 432, 'film': 396, 'movie': 384, 'christmas': 240, 'good': 228, 'time': 192, 'end': 168, 'watch': 156, 'pill': 144, 'night': 144, 'horror': 132, 'take': 132, 'played': 132, 'silent': 132, 'dark': 120, 'comedy': 120, 'characters': 120, 'death': 120, 'family': 120}"
tt3811906,6.2,2021,Horror,tt3811906,"{'movie': 216, 'film': 210, 's': 192, 'nt': 180, 'horror': 174, 'wan': 126, 'great': 114, 'james': 84, 'fun': 78, 'malignant': 66, 'top': 66, 'movies': 66, 'watch': 66, 'did': 54, 'people': 54, 'time': 48, 'scenes': 48, 'good': 48, 'way': 42, 'story': 42}"
tt10962368,5.3,2021,Horror,tt10962368,"{'s': 429, 'movie': 417, 'film': 211, 'george': 184, 'nt': 171, 'story': 170, 'things': 169, 'good': 146, 'ending': 144, 'ghost': 130, 'time': 118, 'house': 118, 'horror': 117, 'painting': 117, 'heard': 105, 'end': 105, 'spirits': 105, 'better': 104, 'floyd': 104, 'book': 104}"
tt7097896,5.9,2021,Horror,tt7097896,"{'s': 802, 'venom': 730, 'carnage': 420, 'movie': 396, 'nt': 384, 'cletus': 310, 'eddie': 258, 'film': 224, 'story': 179, 'tom': 149, 'hardy': 149, 'marvel': 139, 'did': 125, 'action': 124, 'harrelson': 124, 'scene': 116, 'brock': 113, 'good': 107, 'characters': 103, 'made': 98}"
tt13024674,6.4,2021,Horror,tt13024674,"{'s': 1078, 'army': 923, 'nt': 856, 'film': 740, 'movie': 717, 'dead': 546, 'thieves': 529, 'heist': 481, 'good': 346, 'matthias': 326, 'dieter': 293, 'did': 272, 'schweighöfer': 257, 'make': 257, 'characters': 240, 'character': 239, 'prequel': 239, 'safe': 226, 'time': 223, 'zombie': 223}"
tt9844522,5.7,2021,Horror,tt9844522,"{'movie': 312, 'nt': 246, 's': 228, 'escape': 192, 'room': 168, 'film': 156, 'characters': 114, 'good': 102, 'time': 102, 'story': 96, 'people': 90, 'original': 90, 'sequel': 84, 'version': 84, 'extended': 78, 'rooms': 78, 'watch': 72, 'two': 66, 'puzzles': 60, 'theatrical': 60}"
tt7329642,4.5,2021,Horror,tt7329642,"{'movie': 456, 's': 347, 'horror': 297, 'nt': 207, 'banishing': 154, 'film': 154, 'good': 140, 'slow': 109, 'story': 108, 'ending': 108, 'house': 107, 'time': 98, 'characters': 98, 'watch': 98, 'boring': 98, 'people': 88, 'great': 85, 'supernatural': 77, 'director': 77, 'ghost': 77}"
tt13363828,4.5,2021,Horror,tt13363828,"{'s': 300, 'movie': 228, 'bathroom': 108, 'nt': 102, 'family': 96, 'bad': 78, 'horror': 72, 'film': 66, 'good': 66, 'watch': 60, 'time': 60, 'story': 60, 'did': 54, 'daughter': 48, 'end': 48, 'watching': 48, 'ending': 48, 'think': 42, 'flashbacks': 42, 'things': 36}"
tt12226872,4.6,2021,Horror,tt12226872,"{'s': 852, 'movie': 606, 'film': 548, 'nt': 359, 'epstein': 341, 'acting': 301, 'scene': 284, 'girl': 228, 'people': 228, 'bad': 226, 'overuse': 209, 'horror': 208, 'good': 206, 'noelle': 190, 'time': 187, 'conspiracy': 171, 'addie': 152, 'apartment': 152, 'way': 152, 'think': 151}"
tt6246322,6.0,2021,Horror,tt6246322,"{'nt': 384, 's': 306, 'movie': 252, 'blind': 198, 'film': 132, 'breathe': 120, 'stephen': 120, 'sequel': 108, 'man': 108, 'did': 102, 'lang': 102, 'bad': 96, 'story': 96, 'house': 96, 'thriller': 90, 'character': 90, 'guy': 90, 'girl': 84, '2': 78, 'good': 78}"
tt10713340,5.3,2021,Horror,tt10713340,"{'s': 303, 'scene': 158, 'nt': 142, 'film': 139, 'overuse': 128, 'held': 125, 'movie': 113, 'marriage': 111, 'emma': 105, 'house': 96, 'good': 95, 'couple': 83, 'jill': 72, 'husband': 68, 'end': 61, 'twist': 60, 'henry': 60, 'voice': 58, 'overall': 56, 'better': 53}"
tt8150814,4.8,2021,Horror,tt8150814,"{'s': 529, 'killer': 323, 'film': 307, 'nt': 257, 'movie': 234, 'did': 216, 'horror': 178, 'bad': 164, 'good': 162, 'slasher': 150, 'people': 135, 'school': 123, 'great': 110, 'high': 109, 'group': 98, 'scream': 94, 'movies': 83, 'reveal': 83, 'story': 83, 'watch': 81}"
tt4513678,7.1,2021,Horror,tt4513678,"{'s': 396, 'ghostbusters': 324, 'original': 300, 'movie': 216, 'film': 192, 'nt': 186, 'afterlife': 156, 'good': 144, 'phoebe': 132, 'did': 120, 'kids': 102, 'reitman': 102, 'egon': 102, 'franchise': 90, 'great': 84, 'movies': 84, 'callie': 78, 'back': 72, 'reboot': 72, 'cast': 66}"
tt11188624,5.2,2021,Horror,tt11188624,"{'s': 431, 'nt': 363, 'movie': 308, 'girls': 243, 'horror': 173, 'seance': 170, 'story': 143, 'school': 128, 'good': 107, 'ghost': 106, 'end': 105, 'characters': 104, 'think': 96, 'pretty': 96, 'ca': 94, 'did': 93, 'watch': 93, 'waterhouse': 92, 'movies': 91, 'film': 83}"
tt8114980,5.5,2021,Horror,tt8114980,"{'s': 1297, 'cage': 808, 'movie': 546, 'nt': 422, 'wonderland': 304, 'fun': 298, 'film': 298, 'willy': 286, 'think': 244, 'good': 242, 'nic': 208, 'time': 195, 'nicolas': 179, 'top': 159, 'animatronics': 158, 'gets': 124, 'love': 123, 'bit': 123, 'horror': 123, 'enjoy': 123}"
tt6920084,5.2,2021,Horror,tt6920084,"{'s': 1433, 'nt': 1349, 'movie': 1310, 'game': 686, 'games': 642, 'did': 625, 'resident': 593, 'evil': 593, 'story': 529, 'good': 517, 'bad': 463, 'film': 460, 'going': 416, 'city': 386, 'characters': 369, 're': 369, 'leon': 316, 'raccoon': 313, 'zombies': 308, 'movies': 292}"
tt11284502,5.8,2021,Horror,tt11284502,"{'s': 650, 'nt': 489, 'movie': 350, 'film': 305, 'good': 274, 'did': 244, 'story': 212, 'sudeikis': 199, 'jason': 197, 'bad': 182, 'lilly': 151, 'evangeline': 136, 'jimmy': 121, 'ending': 120, 'two': 108, 'acting': 107, 'better': 106, 'pretty': 106, 'drama': 105, 'parole': 105}"
tt10763820,5.7,2021,Horror,tt10763820,"{'movie': 685, 'vampire': 583, 'vampires': 496, 'nt': 366, 'night': 326, 's': 260, 'teeth': 256, 'watch': 206, 'victor': 204, 'things': 189, 'plot': 189, 'time': 187, 'benny': 174, 'two': 155, 'good': 154, 'film': 137, 'brother': 137, 'did': 136, 'lot': 136, 'characters': 136}"
tt10665338,5.5,2021,Horror,tt10665338,"{'halloween': 685, 's': 677, 'michael': 536, 'movie': 515, 'nt': 420, 'kills': 273, 'film': 256, 'characters': 239, 'people': 211, 'did': 202, 'time': 181, 'myers': 177, 'bad': 173, 'good': 171, '2018': 159, 'hospital': 124, 'way': 122, 'character': 118, 'original': 117, 'curtis': 98}"
tt10734864,4.4,2021,Horror,tt10734864,"{'movie': 654, 'nt': 537, 'horror': 403, 's': 365, 'film': 287, 'story': 231, 'honeydew': 229, 'good': 193, 'interesting': 155, 've': 154, 'plot': 117, 'slow': 115, 'house': 115, 'watching': 115, 'movies': 114, 'sam': 114, 'did': 114, 'minutes': 98, 'couple': 96, 'say': 96}"
tt10342730,5.2,2021,Horror,tt10342730,"{'s': 383, 'movie': 234, 'nt': 230, 'film': 176, 'rock': 155, 'traps': 136, 'chris': 135, 'good': 109, 'cop': 104, 'did': 104, 'time': 100, 'acting': 100, 'series': 90, 'franchise': 82, 'killer': 78, 'character': 75, 'zeke': 74, 'jigsaw': 71, 'make': 69, 'police': 68}"
tt11125620,5.4,2021,Horror,tt11125620,"{'family': 390, 's': 306, 'movie': 270, 'addams': 240, 'fun': 168, 'wednesday': 150, 'nt': 150, 'film': 138, 'story': 120, 'good': 114, 'characters': 108, 'animation': 102, 'animated': 96, '2': 84, 'did': 84, 'fester': 78, 'better': 78, 'sequel': 66, 'kids': 66, 'great': 66}"
tt10515988,5.2,2021,Horror,tt10515988,"{'film': 713, 'movie': 683, 'paranormal': 637, 'activity': 623, 's': 595, 'nt': 473, 'franchise': 424, 'found': 394, 'footage': 394, 'story': 379, 'kin': 286, 'good': 274, 'horror': 226, 'camera': 225, 'films': 213, 'amish': 198, 'watch': 197, 'lot': 181, 'movies': 180, 'original': 168}"
tt13392012,4.3,2021,Horror,tt13392012,"{'nt': 267, 'movie': 241, 'film': 231, 'horror': 206, 's': 204, 'blomkamp': 158, 'carly': 148, 'demonic': 103, 'mother': 102, 'good': 100, 'did': 94, 'director': 94, 'interesting': 92, 'pretty': 81, 'neill': 76, 'work': 73, 'time': 67, 'watch': 66, 'scenes': 66, 'know': 65}"
tt9419056,5.1,2021,Horror,tt9419056,"{'movie': 1080, 'film': 828, 'good': 620, 's': 583, 'nt': 550, 'horror': 473, 'alice': 324, 'half': 320, 'unholy': 315, 'morgan': 277, 'mary': 273, 'think': 257, 'great': 245, 'acting': 243, 'dean': 225, 'gerry': 224, 'story': 209, 'jeffrey': 208, 'did': 207, 'say': 206}"
tt11378876,4.4,2021,Horror,tt11378876,"{'film': 345, 's': 255, 'young': 225, 'world': 210, 'nt': 165, 'blazing': 165, 'carlson': 135, 'story': 105, 'scenes': 90, 'short': 90, 'great': 90, 'movie': 90, 'sure': 75, 'did': 75, 'time': 75, 'think': 75, 'sister': 75, 'margaret': 75, 'bad': 60, 'directing': 60}"
tt9182964,4.8,2021,Horror,tt9182964,"{'s': 1133, 'movie': 872, 'film': 687, 'grace': 570, 'nt': 490, 'good': 393, 'marshall': 374, 'plague': 336, 'witch': 317, 'neil': 294, 'women': 277, 'kirk': 275, 'watch': 254, 'reckoning': 238, 'charlotte': 237, 'story': 198, 'films': 195, 'bad': 193, 'time': 177, 'accused': 176}"
tt14557188,6.3,2022,Horror,tt14557188,"{'movie': 745, 's': 635, 'nt': 560, 'film': 503, 'watch': 322, 'did': 289, 'people': 274, 'real': 260, 'way': 257, 'women': 256, 'know': 242, 'watching': 201, 'shot': 196, 'take': 185, 'horror': 183, 'racism': 182, 'teacher': 181, 'time': 181, 'soft': 180, 'quiet': 180}"
tt8296030,6.3,2022,Horror,tt8296030,"{'nt': 1191, 's': 1176, 'witch': 787, 'movie': 747, 'horror': 670, 'maria': 659, 'film': 653, 'life': 495, 'nevena': 400, 'mother': 386, 'wo': 364, 'story': 326, 'woman': 326, 'child': 323, 'people': 305, 'think': 269, 'did': 268, 'interesting': 267, 'good': 266, 'things': 249}"
tt15090124,6.8,2022,Horror,tt15090124,"{'s': 444, 'film': 294, 'movie': 288, 'nt': 186, 'mad': 174, 'god': 150, 'stop': 144, 'motion': 144, 'tippett': 138, 'world': 114, 'phil': 108, 'say': 102, 'dialogue': 90, 'work': 84, 'years': 84, 'animation': 84, 'visual': 84, 'time': 84, 'story': 84, 'know': 72}"
tt13560574,6.6,2022,Horror,tt13560574,"{'movie': 348, 's': 340, 'nt': 283, 'film': 277, 'horror': 228, 'slasher': 194, 'good': 142, 'old': 133, 'slow': 115, 'people': 113, 'sex': 107, 'films': 90, 'time': 90, 're': 89, 'make': 89, 'bloody': 80, 'texas': 79, 'gore': 78, 'x': 72, 'acting': 71}"
tt4028464,7.0,2022,Horror,tt4028464,"{'s': 709, 'film': 509, 'children': 414, 'movie': 353, 'ben': 306, 'ida': 270, 'horror': 261, 'nt': 258, 'innocents': 236, 'kids': 223, 'anna': 211, 'vogt': 202, 'aisha': 189, 'power': 180, 'powers': 154, 'story': 151, 'good': 149, 'slow': 143, 'things': 140, 'young': 107}"
tt14253846,6.6,2022,Horror,tt14253846,"{'nt': 354, 'movie': 353, 's': 324, 'film': 259, 'people': 182, 'bad': 178, 'danish': 161, 'did': 123, 'couple': 119, 'horror': 108, 'fight': 103, 'know': 94, 'good': 86, 'back': 86, 'make': 86, 'family': 85, 'two': 84, 'watch': 84, 'man': 80, 'parents': 79}"
tt10756184,6.2,2022,Horror,tt10756184,"{'movie': 330, 'film': 241, 's': 212, 'nt': 164, 'action': 88, 'story': 86, 'fantastic': 78, 'great': 77, 'men': 77, 'good': 75, 'time': 75, 'african': 73, 'interesting': 65, 'beautiful': 64, 'characters': 63, 'love': 63, 're': 63, 'better': 62, 'enjoy': 62, 'effects': 60}"
tt15791034,7.0,2022,Horror,tt15791034,"{'s': 1412, 'movie': 1068, 'nt': 850, 'film': 821, 'horror': 451, 'did': 404, 'tess': 383, 'barbarian': 359, 'good': 355, 'keith': 333, 'way': 309, 'make': 300, 'character': 300, 'story': 280, 'bad': 270, 'long': 253, 'scary': 238, 'plot': 222, 'man': 222, 've': 203}"
tt13648224,5.3,2022,Horror,tt13648224,"{'s': 384, 'movie': 288, 'nt': 240, 'film': 192, 'fair': 150, 'world': 144, 'horror': 138, 'did': 96, 'casey': 90, 'going': 84, 're': 72, 'online': 66, 'watching': 60, 'good': 60, 'slow': 60, 'people': 54, 'drama': 54, 'watch': 48, 'work': 48, 'say': 48}"
tt10954984,6.8,2022,Horror,tt10954984,"{'s': 1722, 'nt': 1548, 'film': 1311, 'movie': 1085, 'peele': 1058, 'horror': 623, 'did': 592, 'jordan': 515, 'story': 500, 'great': 386, 'think': 372, 'good': 334, 'way': 332, 'make': 327, 'plot': 327, 'elements': 325, 'things': 311, 'know': 308, 'say': 294, 'm': 293}"
tt14895716,5.9,2022,Horror,tt14895716,"{'movie': 1050, 's': 602, 'film': 546, 'two': 532, 'nt': 504, 'time': 364, 'benson': 280, 'movies': 238, 'dirt': 238, 'good': 238, 'endless': 224, 'conspiracy': 224, 'moorhead': 210, 'make': 210, 'story': 196, 'resolution': 182, 'did': 182, 'watch': 182, 'justin': 168, 'aaron': 168}"
tt18925334,7.0,2022,Horror,tt18925334,"{'s': 996, 'pearl': 873, 'movie': 740, 'film': 733, 'nt': 562, 'x': 531, 'goth': 406, 'character': 378, 'good': 314, 'horror': 298, 'mia': 259, 'did': 244, 'story': 242, 'life': 219, 'time': 213, 'performance': 206, 'west': 205, 'make': 185, 'scene': 176, 'films': 170}"
tt13434562,5.5,2022,Horror,tt13434562,"{'s': 1141, 'movie': 729, 'film': 588, 'nt': 584, 'good': 392, 'horror': 371, 'art': 330, 'act': 311, 'movies': 276, 'killer': 271, 'end': 255, 'great': 253, 'did': 253, 'serial': 233, 'gets': 217, 'make': 216, 'way': 215, 'bad': 198, 'acting': 197, 'two': 195}"
tt12519030,6.2,2022,Horror,tt12519030,"{'movie': 658, 'horror': 462, 's': 414, 'tinja': 299, 'story': 257, 'nt': 247, 'film': 235, 'mother': 233, 'good': 218, 'finnish': 127, 'interesting': 127, 'family': 117, 'watch': 117, 'bergholm': 117, 'bird': 117, 'egg': 116, 'did': 114, 'made': 113, 'characters': 104, 'creature': 104}"
tt10168670,6.9,2022,Horror,tt10168670,"{'s': 1334, 'movie': 1007, 'nt': 984, 'film': 795, 'people': 371, 'horror': 361, 'romance': 344, 'did': 341, 'maren': 324, 'story': 318, 'love': 293, 'characters': 271, 'make': 270, 'bones': 257, 'way': 255, 'two': 245, 'good': 231, 'scenes': 231, 'feel': 229, 've': 227}"
tt10406596,5.9,2022,Horror,tt10406596,"{'s': 410, 'movie': 360, 'horror': 350, 'good': 320, 'mother': 300, 'nt': 280, 'char': 260, 'film': 220, 'things': 140, 'great': 140, 'angela': 130, 'acting': 130, 'did': 110, 'mental': 110, 'story': 100, 'end': 100, 'way': 100, 'slow': 90, 'school': 90, 'think': 90}"
tt9340916,5.4,2022,Horror,tt9340916,"{'movie': 623, 's': 610, 'film': 442, 'horror': 346, 'nt': 341, 'story': 220, 'veronica': 166, 'revenge': 139, 'good': 123, 'krige': 123, 'men': 112, 'character': 111, 'people': 111, 'slow': 109, 'watch': 109, 'evil': 98, 'music': 97, 'time': 97, 'did': 95, 'great': 95}"
tt10399608,6.2,2022,Horror,tt10399608,"{'movie': 363, 'sara': 254, 'film': 240, 's': 212, 'girls': 162, 'nt': 128, 'story': 128, 'piggy': 120, 'good': 104, 'main': 94, 'character': 94, 'killer': 87, 'revenge': 83, 'bullied': 82, 'laura': 78, 'spanish': 75, 'did': 73, 'end': 73, 'bullying': 72, 'horror': 71}"
tt11866324,7.1,2022,Horror,tt11866324,"{'predator': 659, 'film': 584, 's': 583, 'nt': 395, 'movie': 320, 'did': 260, 'girl': 187, 'naru': 173, 'character': 171, 'good': 153, 'scene': 152, 'prey': 122, 'franchise': 118, 'men': 118, 'people': 117, 'great': 113, 'hunter': 111, 'hollywood': 110, 'made': 109, 'make': 108}"
tt9764362,7.2,2022,Horror,tt9764362,"{'film': 950, 'chef': 933, 'nt': 794, 'menu': 686, 'movie': 675, 's': 645, 'did': 418, 'joy': 312, 'great': 298, 'margot': 293, 'people': 279, 'food': 263, 'going': 230, 'character': 229, 'satire': 228, 'characters': 225, 'taylor': 210, 'good': 209, 'anya': 192, 'back': 189}"
tt9340892,6.3,2022,Horror,tt9340892,"{'s': 713, 'nt': 438, 'movie': 359, 'film': 357, 'pete': 340, 'friends': 231, 'good': 192, 'horror': 176, 'people': 163, 'anxiety': 132, 'sure': 120, 'feel': 110, 'comedy': 110, 'fun': 110, 'social': 109, 'watching': 108, 'things': 99, 'end': 97, 'did': 97, 'bit': 88}"
tt11540726,5.9,2022,Horror,tt11540726,"{'s': 536, 'hall': 256, 'nt': 224, 'film': 208, 'margaret': 200, 'movie': 192, 'roth': 160, 'david': 160, 'rebecca': 152, 'baby': 120, 'character': 120, 'real': 112, 'tim': 112, 'daughter': 112, 'years': 104, 'life': 104, 'control': 96, 'back': 96, 'ending': 96, 'did': 96}"
tt14905650,5.8,2022,Horror,tt14905650,"{'movie': 431, 'nt': 300, 's': 300, 'mother': 216, 'film': 204, 'izzy': 177, 'story': 155, 'horror': 138, 'hellbender': 137, 'great': 122, 'good': 119, 'adams': 110, 'zelda': 98, 're': 96, 'make': 85, 'budget': 83, 'did': 80, 'm': 79, 'think': 74, 'poser': 72}"
tt3097396,6.2,2022,Horror,tt3097396,"{'horror': 192, 's': 166, 'movie': 162, 'nt': 122, 'film': 110, 'good': 87, 'family': 77, 'story': 72, 'dark': 54, 'acting': 54, 'did': 52, 'watch': 50, 'drama': 49, 'time': 48, 'think': 47, 'part': 46, 'made': 40, 'score': 38, 'way': 36, 'josiah': 36}"
tt8110652,6.2,2022,Horror,tt8110652,"{'s': 936, 'bodies': 852, 'nt': 648, 'film': 600, 'movie': 384, 'good': 288, 'characters': 288, 'bee': 264, 'did': 252, 'sophie': 240, 'group': 228, 'people': 204, 'horror': 192, 'slasher': 180, 'way': 168, 'game': 168, 'david': 168, 'fun': 144, 'jordan': 144, 'comedy': 132}"
tt5181830,6.4,2022,Horror,tt5181830,"{'s': 624, 'film': 306, 'movie': 300, 'wild': 252, 'nt': 246, 'wendell': 240, 'story': 240, 'characters': 210, 'animation': 186, 'kat': 180, 'selick': 144, 'motion': 144, 'stop': 138, 'peele': 114, 'good': 108, 'lot': 102, 'coraline': 102, 'plot': 102, 'character': 96, 'way': 84}"
tt21818188,5.6,2022,Horror,tt21818188,"{'movie': 517, 'nt': 450, 's': 380, 'comedy': 222, 'did': 191, 'blood': 190, 'relatives': 190, 'segan': 187, 'time': 159, 'vampire': 156, 'horror': 154, 'film': 140, 'bad': 138, 'know': 137, 'old': 125, 'movies': 122, 'noah': 119, 'd': 106, 'way': 104, 'm': 104}"
tt7322224,7.4,2022,Horror,tt7322224,"{'s': 1002, 'movie': 718, 'nt': 585, 'film': 504, 'sadness': 336, 'triangle': 281, 'people': 261, 'long': 219, 'time': 207, 'carl': 198, 'story': 195, 'östlund': 193, 'yaya': 187, 'comedy': 180, 'rich': 174, 'characters': 173, 'watching': 172, 'good': 172, 'best': 164, 'watch': 154}"
tt15474916,6.6,2022,Horror,tt15474916,"{'movie': 336, 's': 324, 'film': 312, 'nt': 294, 'horror': 264, 'good': 180, 'jump': 120, 'scares': 108, 'smile': 90, 'way': 90, 'm': 72, 'finn': 72, 'sosie': 72, 'story': 72, 'did': 66, 'ending': 66, 'films': 66, 'make': 60, 'parker': 60, 'bacon': 60}"
tt12788488,6.5,2022,Horror,tt12788488,"{'s': 1090, 'horror': 602, 'movie': 571, 'nt': 487, 'comedy': 316, 'fun': 302, 'film': 268, 'good': 235, 'joseph': 218, 'footage': 218, 'funny': 216, 'winter': 202, 'house': 202, 'evil': 201, 'time': 186, 'shawn': 185, 'haunted': 185, 'found': 184, 'way': 184, 'dead': 184}"
tt9050310,5.7,2022,Horror,tt9050310,"{'s': 918, 'movie': 828, 'film': 522, 'nt': 504, 'good': 342, 'young': 342, 'back': 342, 'people': 324, 'slash': 306, 'acting': 288, 'cast': 270, 'horror': 270, 'girls': 252, 'done': 234, 'actors': 234, 'great': 216, 'think': 216, 'watch': 216, 'inuit': 198, 'sci': 198}"
tt13846494,5.9,2022,Horror,tt13846494,"{'things': 102, 'film': 83, 'movie': 68, 'watch': 50, 'totally': 34, 's': 34, 'feel': 34, 'pun': 34, 'intended': 34, 'lot': 34, 'nose': 34, 'brazil': 34, 'medusa': 33, 'soundtrack': 33, 'highly': 33, 'recommend': 33, 'funny': 33, 'premiere': 17, 'cannes': 17, 'festival': 17}"
tt9602472,6.1,2022,Horror,tt9602472,"{'s': 946, 'nt': 688, 'movie': 579, 'cecilia': 501, 'film': 491, 'sissy': 430, 'good': 425, 'horror': 397, 'people': 391, 'emma': 309, 'did': 303, 'social': 258, 're': 231, 'characters': 214, 'makes': 199, 'friends': 187, 'media': 185, 'things': 176, 'alex': 175, 'dee': 164}"
tt14549466,5.9,2022,Horror,tt14549466,"{'s': 725, 'film': 379, 'nt': 352, 'movie': 346, 'cronenberg': 324, 'future': 257, 'body': 187, 'good': 138, 'art': 128, 'people': 125, 'did': 117, 'crimes': 115, 'mortensen': 110, 'pain': 110, 'way': 109, 'new': 102, 've': 101, 'human': 101, 'saul': 101, 'm': 100}"
tt3734688,4.7,2022,Horror,tt3734688,"{'s': 110, 'nt': 99, 'end': 88, 'film': 77, 'campbell': 77, 'hughes': 77, 'movie': 77, 'good': 76, 'psychological': 66, 'acting': 66, 'antonia': 55, 'watch': 55, 'story': 54, 'time': 44, 'thriller': 44, 'flynn': 44, 'felt': 44, 'cordelia': 44, 'way': 33, 'made': 33}"
tt6160448,5.7,2022,Horror,tt6160448,"{'s': 1484, 'film': 1070, 'nt': 869, 'movie': 727, 'did': 385, 'baumbach': 287, 'driver': 270, 'noise': 269, 'family': 268, 'dialogue': 267, 'time': 251, 'white': 250, 'characters': 230, 'jack': 229, 'adam': 212, 'novel': 209, 'm': 194, 'story': 192, 'make': 192, 're': 174}"
tt11976532,6.8,2022,Horror,tt11976532,"{'s': 1317, 'movie': 836, 'nt': 704, 'film': 634, 'ben': 440, 'novak': 414, 'vengeance': 337, 'good': 331, 'texas': 298, 'family': 277, 'j': 256, 'ashton': 256, 'kutcher': 256, 'comedy': 254, 'think': 239, 'b': 236, 'funny': 234, 'way': 218, 'thought': 217, 'story': 217}"
tt13841850,6.1,2022,Horror,tt13841850,"{'s': 957, 'film': 750, 'movie': 736, 'men': 614, 'nt': 533, 'horror': 467, 'character': 248, 'harper': 232, 'buckley': 232, 'elements': 229, 'story': 214, 'garland': 209, 'ending': 190, 'kinnear': 183, 'going': 177, 'good': 176, 'time': 176, 'thing': 162, 'end': 151, 'did': 148}"
tt7144666,6.9,2022,Horror,tt7144666,"{'s': 492, 'film': 264, 'movie': 222, 'nt': 204, 'horror': 198, 'phone': 186, 'ethan': 174, 'hawke': 168, 'black': 138, 'story': 138, 'finney': 138, 'grabber': 126, 'mason': 102, 'good': 96, 'father': 84, 'hill': 78, 'thames': 78, 'mcgraw': 78, 'brother': 78, 'time': 78}"
tt9907782,6.3,2022,Horror,tt9907782,"{'s': 915, 'movie': 721, 'nt': 548, 'werewolf': 489, 'horror': 460, 'cursed': 350, 'story': 333, 'film': 333, 'good': 298, 'characters': 245, 'time': 210, 'take': 194, 'curse': 177, 'silver': 177, 'ellis': 159, 'unique': 144, 'scenes': 143, 'creature': 143, 'land': 141, 'did': 140}"
tt9419884,6.9,2022,Horror,tt9419884,"{'s': 866, 'nt': 670, 'strange': 592, 'film': 406, 'movie': 369, 'dr': 334, 'marvel': 286, 'story': 271, 'multiverse': 238, 'plot': 233, 'spider': 220, 'universe': 218, 'did': 206, 'loki': 195, 'wanda': 179, 'character': 179, 'way': 175, 'bad': 166, 'good': 165, '2': 149}"
tt12724306,5.6,2022,Horror,tt12724306,"{'s': 353, 'movie': 264, 'nt': 263, 'film': 178, 'did': 139, 'simmons': 137, 'good': 129, 'horror': 120, 'voice': 118, 'interesting': 100, 'kwanten': 99, 'time': 97, 'watch': 93, 'j': 92, 'k': 92, 'great': 80, 'movies': 80, 'ryan': 75, 'bad': 71, 'story': 70}"
tt17663992,7.2,2022,Horror,tt17663992,"{'scream': 1840, 'movie': 1216, 's': 976, 'nt': 784, 'film': 736, 'new': 624, 'franchise': 544, 'characters': 384, 've': 368, 'did': 368, '5': 368, 'time': 336, 'think': 336, 'good': 320, 'ghostface': 320, 'series': 304, 'original': 304, '6': 288, 'felt': 288, 'films': 288}"
tt10403420,6.2,2022,Horror,tt10403420,"{'s': 930, 'movie': 667, 'film': 580, 'art': 479, 'terrifier': 443, 'nt': 417, '2': 333, 'horror': 294, 'clown': 265, 'gore': 255, 'plot': 239, 'time': 214, 'people': 200, 'slasher': 197, 'minutes': 197, 'long': 187, 'think': 175, 'way': 173, 'make': 159, 'good': 149}"
tt13622884,5.2,2022,Horror,tt13622884,"{'home': 220, 'woman': 180, 'white': 160, 'mavis': 160, 'film': 120, 'mother': 120, 'horror': 100, 'slow': 100, 'tsidi': 100, 'good': 100, 'madam': 100, 'elements': 100, 'movie': 80, 'caretaker': 80, 'daughter': 80, 's': 80, 'burn': 60, 'nt': 60, 'bit': 60, 'psychological': 60}"
tt11400902,4.8,2022,Horror,tt11400902,"{'s': 414, 'movie': 384, 'nt': 294, 'film': 198, 'betsey': 168, 'mother': 162, 'horror': 156, 'daughter': 138, 'end': 132, 'holly': 120, 'did': 114, 'good': 102, 'scene': 102, 'movies': 78, 'slow': 78, 'overuse': 78, 'way': 72, 'girl': 72, 'family': 66, 'time': 66}"
tt21651560,5.1,2022,Horror,tt21651560,"{'s': 462, 'nt': 318, 'vhs': 228, 'h': 198, 'v': 192, 'bad': 180, 'segment': 174, 'movie': 162, 'segments': 150, 'film': 138, 'horror': 126, 'm': 108, 'found': 102, 'good': 102, 'movies': 96, 'hell': 96, 'footage': 90, 'stories': 90, 'did': 84, 'time': 78}"
tt7830806,5.3,2022,Horror,tt7830806,"{'s': 389, 'nt': 350, 'movie': 307, 'book': 266, 'film': 212, 'story': 192, 'good': 189, 'horror': 186, 'did': 153, 'time': 144, 'fun': 105, 'acting': 99, 'funny': 96, 'characters': 94, 'comedy': 93, 'think': 93, 'felt': 93, 'scary': 85, 'made': 84, 'bad': 82}"
tt11909878,6.0,2022,Horror,tt11909878,"{'nt': 387, 'film': 344, 's': 297, 'original': 266, 'disney': 188, 'did': 152, 'sisters': 141, 'movie': 132, 'good': 129, 'felt': 123, 'sequel': 112, 'sanderson': 109, 'characters': 107, 'make': 105, 'bad': 104, 'back': 98, 'hocus': 97, 'pocus': 97, 'witches': 84, 'watching': 83}"
tt14138650,6.6,2022,Horror,tt14138650,"{'s': 928, 'movie': 730, 'bale': 575, 'poe': 575, 'film': 484, 'mystery': 346, 'melling': 328, 'cooper': 321, 'christian': 297, 'story': 285, 'landor': 265, 'nt': 251, 'edgar': 250, 'eye': 246, 'good': 237, 'harry': 234, 'blue': 234, 'cast': 220, 'murder': 219, 'great': 216}"
tt11454320,4.9,2022,Horror,tt11454320,"{'s': 713, 'movie': 679, 'nt': 481, 'horror': 355, 'island': 331, 'film': 327, 'marie': 315, 'story': 248, 'good': 213, 'offseason': 205, 'mother': 167, 'donahue': 157, 'atmosphere': 156, 'back': 156, 'town': 155, 'keating': 145, 'time': 145, 'people': 144, 'lot': 143, 'going': 137}"
tt12003946,6.7,2022,Horror,tt12003946,"{'s': 1538, 'santa': 999, 'movie': 975, 'christmas': 916, 'action': 666, 'film': 624, 'violent': 612, 'nt': 540, 'night': 436, 'home': 417, 'fun': 415, 'family': 385, 'harbour': 382, 'good': 351, 'david': 350, 'hard': 317, 'scenes': 315, 'john': 279, 'comedy': 278, 'funny': 277}"
tt12908110,6.0,2022,Horror,tt12908110,"{'s': 561, 'movie': 448, 'craig': 341, 'horror': 292, 'nt': 290, 'story': 285, 'film': 273, 'king': 252, 'harrigan': 224, 'man': 214, 'stephen': 193, 'mr': 181, 'did': 177, 'phone': 152, 'good': 149, 'old': 141, 'great': 133, 'sutherland': 117, 'mh': 108, 'boy': 101}"
tt6708668,5.7,2022,Horror,tt6708668,"{'s': 321, 'movie': 203, 'film': 181, 'war': 173, 'good': 167, 'nt': 151, 'action': 142, 'story': 115, 'noomi': 93, 'rapace': 84, 'better': 77, 'ice': 70, 'movies': 61, 'hollywood': 60, 'mission': 60, 'way': 60, 'know': 59, 'visuals': 53, 'scenes': 52, 'berg': 48}"
tt7550014,6.1,2022,Horror,tt7550014,"{'movie': 600, 's': 470, 'nt': 340, 'film': 250, 'thriller': 240, 'good': 210, 'darby': 190, 'exit': 180, 'girl': 140, 'story': 130, 'time': 130, 'liu': 120, 'acting': 100, 'minutes': 90, 'plot': 90, 'did': 90, 'characters': 90, 'paced': 80, 'twists': 80, 'havana': 80}"
tt18224610,4.7,2022,Horror,tt18224610,"{'s': 600, 'movie': 460, 'long': 300, 'film': 280, 'nt': 240, 'justin': 200, 'boring': 180, 'time': 180, 'dialogue': 160, 'watch': 160, 'minutes': 150, 'movies': 110, 'horror': 110, 'bad': 100, 'better': 100, 'know': 90, 'bosworth': 80, 'story': 80, 'house': 80, 'hour': 80}"
tt11851548,5.9,2022,Horror,tt11851548,"{'film': 592, 'nt': 484, 's': 437, 'esther': 387, 'movie': 386, 'twist': 378, 'orphan': 344, 'prequel': 331, 'child': 208, 'family': 207, 'did': 192, 'fuhrman': 180, 'made': 165, 'good': 163, 'original': 152, 'leena': 143, 'story': 141, 'kill': 141, 'julia': 139, 'stiles': 139}"
tt4624366,4.6,2022,Horror,tt4624366,"{'movie': 499, 's': 385, 'nt': 368, 'ricci': 343, 'film': 313, 'story': 237, 'horror': 226, 'christina': 187, 'did': 186, 'monstrous': 138, 'good': 131, 'acting': 119, 'thriller': 118, 'low': 117, 'great': 108, 'twist': 107, 'watch': 107, 'psychological': 107, 'watching': 106, 'end': 106}"
tt9741180,5.1,2022,Horror,tt9741180,"{'film': 581, 's': 465, 'movie': 336, 'nt': 322, 'scene': 299, 'story': 296, 'horror': 266, 'time': 261, 'overuse': 225, 'mary': 205, 'end': 195, 'great': 150, 'dark': 131, 'did': 120, 'theme': 120, 'director': 119, 'good': 117, 'thing': 116, 'love': 103, 'watch': 102}"
tt15745226,5.6,2022,Horror,tt15745226,"{'s': 720, 'movie': 560, 'darby': 500, 'nt': 500, 'dead': 460, 'teen': 300, 'film': 240, 'capri': 220, 'people': 200, 'comedy': 180, 'character': 180, 'school': 180, 'life': 180, 'girl': 160, 'watch': 140, 'say': 140, 'made': 140, 'did': 120, 'audience': 120, 'think': 120}"
tt13235822,4.7,2022,Horror,tt13235822,"{'s': 1250, 'horror': 1052, 'movie': 723, 'nt': 611, 'mother': 567, 'film': 565, 'umma': 533, 'amanda': 474, 'oh': 409, 'story': 331, 'daughter': 317, 'did': 300, 'sandra': 284, 'character': 271, 'good': 202, 'shim': 190, 'time': 189, 'life': 175, 'lot': 171, 'things': 159}"
tt8656686,5.4,2022,Horror,tt8656686,"{'s': 559, 'movie': 467, 'nt': 415, 'film': 352, 'cherie': 168, 'going': 141, 'ethan': 127, 'run': 120, 'did': 119, 'message': 108, 'made': 99, 'plot': 98, 'watch': 98, 'story': 97, 've': 93, 'ca': 93, 'fun': 88, 'lead': 87, 'evil': 87, 'balinska': 86}"
tt15374070,5.7,2022,Horror,tt15374070,"{'fun': 1041, 's': 624, 'movie': 532, 'horror': 344, 'foo': 340, 'fighters': 310, 'dave': 269, 'nt': 245, 'film': 236, 'grohl': 193, 'rock': 193, 'band': 192, 'time': 164, 'good': 147, 'watch': 147, 'movies': 135, 'love': 135, 'fan': 120, 'b': 119, 'did': 118}"
tt14550642,5.3,2022,Horror,tt14550642,"{'movie': 846, 's': 594, 'house': 468, 'horror': 414, 'cellar': 360, 'good': 360, 'nt': 342, 'family': 270, 'film': 216, 'movies': 198, 'did': 198, 'story': 198, 'daughter': 180, 'acting': 162, 'old': 162, 'lot': 162, 'ending': 144, 'watch': 144, 'idea': 126, 'cuthbert': 126}"
tt15174116,4.6,2022,Horror,tt15174116,"{'s': 228, 'nt': 210, 'film': 132, 'found': 126, 'footage': 120, 'character': 114, 'movie': 102, 'horror': 84, 've': 78, 'main': 66, 'dashcam': 66, 'films': 54, 'did': 54, 're': 54, 'woman': 48, 'feel': 48, 'made': 48, 'm': 48, 'time': 48, 'annie': 48}"
tt10731256,6.2,2022,Horror,tt10731256,"{'s': 756, 'film': 540, 'movie': 510, 'nt': 444, 'wilde': 240, 'pugh': 198, 'florence': 174, 'good': 174, 'styles': 156, 'great': 156, 'story': 138, 'alice': 132, 'harry': 132, 'did': 132, 'worry': 120, 'darling': 120, 'olivia': 120, 'character': 120, 'acting': 102, 'feel': 96}"
tt10665342,5.0,2022,Horror,tt10665342,"{'movie': 815, 's': 809, 'halloween': 750, 'nt': 555, 'michael': 504, 'film': 433, 'corey': 404, 'kills': 364, 'laurie': 354, 'ends': 342, 'myers': 260, 'bad': 258, 'allyson': 227, 'did': 227, 'made': 224, 'time': 218, 'trilogy': 215, 'end': 183, 'way': 170, 'franchise': 168}"
tt22042742,5.1,2022,Horror,tt22042742,"{'movie': 504, 's': 448, 'christmas': 296, 'nt': 288, 'santa': 176, 'dialogue': 144, 'time': 136, 'did': 128, 'horror': 128, 'film': 120, 'f': 112, 'characters': 112, 'going': 104, 'know': 104, 'bloody': 104, 'minutes': 104, 'people': 96, 'character': 96, 'good': 88, 'robot': 80}"
tt10935560,5.1,2022,Horror,tt10935560,"{'s': 1476, 'argento': 1368, 'nt': 720, 'film': 702, 'giallo': 540, 'movie': 522, 'dario': 450, 'killer': 432, 'films': 396, 'diana': 396, 'good': 396, 'glasses': 288, 'dark': 270, 'story': 270, 'great': 252, 'asia': 252, 'work': 252, 'did': 234, 'horror': 234, 'director': 216}"
tt9848626,6.0,2022,Horror,tt9848626,"{'s': 258, 'movie': 192, 'hotel': 174, 'nt': 168, 'transylvania': 162, 'adam': 108, 'sandler': 108, 'film': 102, 'series': 90, 'movies': 84, 'dracula': 84, 'funny': 84, 'animation': 78, 'voice': 72, 'monsters': 72, 'good': 72, 'did': 66, 'johnny': 66, 'franchise': 66, 'story': 60}"
tt14502344,3.8,2022,Horror,tt14502344,"{'movie': 848, 's': 688, 'nt': 672, 'horror': 544, 'good': 480, 'film': 480, 'slasher': 464, 'camp': 352, 'characters': 336, 'character': 256, 'did': 240, 'great': 208, 'bacon': 192, 'm': 192, 'conversion': 192, 'kevin': 176, 'watch': 176, 'gay': 176, 'plot': 160, 'scenes': 160}"
tt12873562,5.3,2022,Horror,tt12873562,"{'movie': 1234, 's': 939, 'nt': 747, 'horror': 491, 'story': 373, 'film': 335, 'good': 312, 'did': 273, 'invitation': 213, 'acting': 213, 'time': 201, 'vampire': 199, 'trailer': 177, 'bad': 177, 'watch': 175, 've': 165, 'lot': 153, 'scenes': 149, 'm': 146, 'elements': 143}"
tt9000184,5.6,2022,Horror,tt9000184,"{'nt': 744, 'original': 554, 's': 538, 'film': 409, 'did': 353, 'remake': 323, 'mother': 257, 'good': 232, 'watts': 231, 'mommy': 201, 'mom': 188, 'movie': 187, 'naomi': 177, 'twist': 165, 'austrian': 160, 'acting': 160, 'know': 149, 'watch': 147, 'version': 137, 'american': 134}"
tt11514780,4.8,2022,Horror,tt11514780,"{'s': 371, 'game': 308, 'movie': 283, 'nt': 183, 'horror': 180, 'die': 179, 'film': 120, 'good': 119, 'kayla': 99, 'computer': 98, 'old': 97, 'watch': 95, 'did': 87, 'way': 77, 'characters': 70, 'real': 70, 'people': 68, 'acting': 68, 'bit': 67, 'storyline': 63}"
tt2980152,3.7,2022,Horror,tt2980152,"{'movie': 380, 's': 374, 'baby': 250, 'nt': 238, 'crying': 158, 'house': 149, 'film': 131, 'good': 131, 'roberts': 120, 'emma': 119, 'slow': 108, 'way': 93, 'watching': 92, 'm': 91, 'did': 91, 'michael': 81, 'things': 80, 'make': 79, 'left': 78, 'shannon': 68}"
tt15289240,5.5,2022,Horror,tt15289240,"{'movie': 695, 's': 640, 'halloween': 604, 'nt': 515, 'family': 436, 'film': 409, 'watch': 298, 'fun': 243, 'kids': 241, 'wayans': 230, 'town': 217, 'movies': 207, 'bridge': 206, 'hollow': 193, 'curse': 192, 'great': 165, 'scary': 165, 're': 154, 'good': 153, 'm': 151}"
tt5108870,5.2,2022,Horror,tt5108870,"{'s': 324, 'morbius': 276, 'movie': 234, 'film': 210, 'character': 168, 'nt': 150, 'leto': 138, 'bad': 120, 'action': 108, 'marvel': 96, 'story': 90, 'venom': 84, 'did': 84, 'good': 84, 'cgi': 84, 'jared': 84, 'vampire': 72, 'entertaining': 72, 'michael': 72, 'blood': 72}"
tt11755740,4.7,2022,Horror,tt11755740,"{'s': 569, 'nt': 446, 'leatherface': 397, 'movie': 245, 'original': 223, 'chainsaw': 221, 'film': 213, 'did': 208, 'texas': 165, 'characters': 156, 'massacre': 137, 'old': 137, 'time': 135, 'girl': 127, 'years': 120, 'dumb': 118, 'back': 118, 've': 108, 'sequel': 100, 'people': 99}"
tt1798632,4.6,2022,Horror,tt1798632,"{'s': 1102, 'movie': 814, 'nt': 702, 'film': 601, 'firestarter': 469, 'king': 395, 'charlie': 395, 'original': 307, 'story': 291, '1984': 275, 'stephen': 274, 'good': 259, 'better': 256, 'efron': 244, 'version': 224, 'armstrong': 192, 'zac': 192, 'remake': 192, 'watch': 189, 'bad': 189}"
